Protein A;Gene A;Taxon A;Protein B;Gene B;Taxon B;Score;PMID
P04637;TP53;9606;P01112;HRAS;9606;0.21;21041410 
Q96KQ4;PPP1R13B;9606;P01112;HRAS;9606;0.21;21041410 
P14174;MIF;9606;P04637;TP53;9606;0.21;18815136 
P04637;TP53;9606;P02340;TP53;10090;0.183;15383276 
Q8N9B5;JMY;9606;P04637;TP53;9606;0.21;10518217 
Q99856;ARID3A;9606;P04637;TP53;9606;0.21;15017387 
Q99966;CITED1;9606;P04637;TP53;9606;0.21;20227041 
Q99973;TEP1;9606;P04637;TP53;9606;0.309;10597287 
Q8NC51;SERBP1;9606;P04637;TP53;9606;0.21;16455055 
Q96J02;ITCH;9606;P04637;TP53;9606;0.507;18559494 21474069 
Q96GG9;DCUN1D1;9606;Q13625;TP53BP2;9606;0.454;25416956 
Q96GM5;SMARCD1;9606;P04637;TP53;9606;0.21;18303029 
Q8NDX5;PHC3;9606;P04637;TP53;9606;0.126;27705803 
P61081;UBE2M;9606;P04637;TP53;9606;0.309;15242646 
P61086;UBE2K;9606;P04637;TP53;9606;0.569;23933584 
Q8NEY8;PPHLN1;9606;Q13625;TP53BP2;9606;0.332;21900206 
P62380;TBPL1;9606;P04637;TP53;9606;0.569;28082682 
Q8NF64;ZMIZ2;9606;P04637;TP53;9606;0.309;17584785 
P04637;TP53;9606;P03118;E2 {ECO:0000255|HAMAP-RULE:MF_04001};10583;0.126;22761572 
P04637;TP53;9606;P03120;E2;333760;0.523;22761572 10618715 
Q96KQ4;PPP1R13B;9606;Q8TDR0;TRAF3IP1;9606;0.183;17043677 
Q8NFN8;GPR156;9606;P04637;TP53;9606;0.126;28514442 
P04637;TP53;9606;P03243;P03243;28285;0.033;7926727 
P04637;TP53;9606;P03244;E1B;10515;0.21;14527689 
P04637;TP53;9606;P03372;ESR1;9606;0.569;17545634 10766163 26556313 
Q13625;TP53BP2;9606;P62826;RAN;9606;0.702;24855949 
Q96KQ4;PPP1R13B;9606;P62826;RAN;9606;0.21;24855949 
P62829;RPL23;9606;P04637;TP53;9606;0.454;15308643 23443559 
P61201;COPS2;9606;P04637;TP53;9606;0.21;16045761 
P61221;ABCE1;9606;P04637;TP53;9606;0.126;25659154 
Q8ZJL7;FIEF;632;P04637;TP53;9606;0.126;20711500 
Q13625;TP53BP2;9606;P27348;YWHAQ;9606;0.183;15161933 
Q03468;ERCC6;9606;P04637;TP53;9606;0.765;22032989 10882116 7663514 
Q13625;TP53BP2;9606;P31016;DLG4;10116;0.183;20467438 
P31350;RRM2;9606;P04637;TP53;9606;0.261;12615712 
P63085;MAPK1;10090;P04637;TP53;9606;0.309;10958792 
Q92540;SMG7;9606;P04637;TP53;9606;0.623;22653443 27462439 
Q8TEB7;RNF128;9606;P04637;TP53;9606;0.671;23370271 
Q04195;SIZ1;559292;P04637;TP53;9606;0.309;19748360 
P63103;YWHAZ;9913;P04637;TP53;9606;0.21;9620776 
Q92769;HDAC2;9606;P04637;TP53;9606;0.787;20388487 14976551 20190809 21344396 22493095 17827154 
Q9DH70;Q9DH70;10633;P04637;TP53;9606;0.033;8344494 
Q9DUG7;Q9DUG7;10632;P04637;TP53;9606;0.126;22810586 
P63151;PPP2R2A;9606;P04637;TP53;9606;0.21;17245430 
Q92843;BCL2L2;9606;P04637;TP53;9606;0.309;24491548 
Q92843;BCL2L2;9606;Q13625;TP53BP2;9606;0.671;18719108 18448430 
Q92844;TANK;9606;Q13625;TP53BP2;9606;0.454;25416956 
P31689;DNAJA1;9606;P04637;TP53;9606;0.523;23443559 25144556 27775703 
Q13625;TP53BP2;9606;Q05086;UBE3A;9606;0.126;29426014 
Q05516;ZBTB16;9606;P04637;TP53;9606;0.21;24821727 
Q13625;TP53BP2;9606;P67870;CSNK2B;9606;0.332;21900206 
Q01664;TFAP4;9606;P04637;TP53;9606;0.126;19505873 
Q13625;TP53BP2;9606;P68104;EEF1A1;9606;0.286;16169070 
P27694;RPA1;9606;P04637;TP53;9606;0.671;15735006 15489903 11751427 8663296 
Q9GZQ8;MAP1LC3B;9606;P04637;TP53;9606;0.126;25144556 
Q9BVJ6;UTP14A;9606;P04637;TP53;9606;0.623;21078665 
Q9BVJ6;UTP14A;9606;Q13625;TP53BP2;9606;0.286;16169070 
Q9BVK6;TMED9;9606;P04637;TP53;9606;0.126;9472029 
Q9GZV5;WWTR1;9606;Q13625;TP53BP2;9606;0.21;21189257 
Q06486;CSNK1D;10116;P04637;TP53;9606;0.033;17101137 
Q9H0F5;RNF38;9606;P04637;TP53;9606;0.671;23973461 20308539 
Q969H0;FBXW7;9606;P04637;TP53;9606;0.126;28514442 
Q9H0W5;CCDC8;9606;P04637;TP53;9606;0.671;22653443 23443559 22084066 
P69713;X;480116;P04637;TP53;9606;0.21;23507139 
Q969K3;RNF34;9606;P04637;TP53;9606;0.21;17121812 
Q06945;SOX4;9606;P04637;TP53;9606;0.569;19234109 
Q07009;CAPN2;10116;P04637;TP53;9606;0.309;22711986 
Q9BY41;HDAC8;9606;P04637;TP53;9606;0.309;17721440 
Q9BYC9;MRPL20;9606;Q13625;TP53BP2;9606;0.286;16169070 
Q9BYG5;PARD6B;9606;Q13625;TP53BP2;9606;0.126;26496610 
Q13625;TP53BP2;9606;P61968;LMO4;9606;0.454;25416956 
P61981;YWHAG;9606;P04637;TP53;9606;0.454;22653443 19933256 18812399 
Q02447;SP3;9606;P04637;TP53;9606;0.21;12665570 
P32780;GTF2H1;9606;P04637;TP53;9606;0.948;18354501 7935417 8612585 18160537 16793543 
Q5BJF6;ODF2;9606;Q13625;TP53BP2;9606;0.126;26638075 
Q13625;TP53BP2;9606;P81122;IRS2;10090;0.454;17965023 
Q5JU00;TCTE1;9606;Q13625;TP53BP2;9606;0.126;26638075 
Q5JVS0;HABP4;9606;P04637;TP53;9606;0.569;16455055 
Q13625;TP53BP2;9606;P62258;YWHAE;9606;0.126;17979178 
Q5NIP5;GATB;177416;P04637;TP53;9606;0.126;20711500 
Q5S007;LRRK2;9606;P04637;TP53;9606;0.126;24725412 
Q5T447;HECTD3;9606;P04637;TP53;9606;0.309;23358872 
P97571;CAPN1 {ECO:0000312|RGD:2267};10116;P04637;TP53;9606;0.309;22711986 
P29320;EPHA3;9606;P04637;TP53;9606;0.309;15355990 
Q5TB80;CEP162;9606;Q13625;TP53BP2;9606;0.126;26638075 
Q00535;CDK5;9606;P04637;TP53;9606;0.569;17591690 
P36778;E2 {ECO:0000255|HAMAP-RULE:MF_04001};10614;P04637;TP53;9606;0.126;22761572 
P36780;E2 {ECO:0000255|HAMAP-RULE:MF_04001};10621;P04637;TP53;9606;0.126;22761572 
P36791;E2 {ECO:0000255|HAMAP-RULE:MF_04001};333763;P04637;TP53;9606;0.126;22761572 
P36873;PPP1CC;9606;P04637;TP53;9606;0.332;17274640 
P36956;SREBF1;9606;P04637;TP53;9606;0.21;22265415 
Q60953;PML;10090;P04637;TP53;9606;0.21;21057547 
P36957;DLST;9606;P04637;TP53;9606;0.126;29128334 
P34925;RYK;9606;P04637;TP53;9606;0.126;21875946 
P34931;HSPA1L;9606;P04637;TP53;9606;0.445;17184779 23443559 25241761 
Q61846;MELK;10090;P04637;TP53;9606;0.21;23747528 
P35251;RFC1;9606;P04637;TP53;9606;0.21;12509469 
Q12824;SMARCB1;9606;P04637;TP53;9606;0.671;11950834 
P50454;SERPINH1;9606;P04637;TP53;9606;0.21;17977830 
Q13625;TP53BP2;9606;Q12840;KIF5A;9606;0.286;16169070 
Q12873;CHD3;9606;P04637;TP53;9606;0.309;10961991 
Q64364;CDKN2A;10090;P04637;TP53;9606;0.033;9529248 
Q13029;PRDM2;9606;P04637;TP53;9606;0.21;20594067 
Q69549;U14;32603;P04637;TP53;9606;0.21;26340541 
Q13098;GPS1;9606;P04637;TP53;9606;0.126;11285227 
Q13625;TP53BP2;9606;Q13107;USP4;9606;0.286;16169070 
Q13625;TP53BP2;9606;Q09472;EP300;9606;0.507;21513714 
Q504Q3;PAN2;9606;P04637;TP53;9606;0.126;23398456 
Q15326;ZMYND11;9606;P04637;TP53;9606;0.21;17721438 
Q13625;TP53BP2;9606;P35569;IRS1;10090;0.376;17965023 
Q13625;TP53BP2;9606;P35570;IRS1;10116;0.702;17965023 
Q15392;DHCR24;9606;P04637;TP53;9606;0.21;15577914 
Q13283;G3BP1;9606;P04637;TP53;9606;0.569;17297477 
P38531;HSF3;9031;P04637;TP53;9606;0.21;10747903 
Q15486;GUSBP1;9606;P04637;TP53;9606;0.126;16169070 
Q13330;MTA1;9606;P04637;TP53;9606;0.794;19837670 17914590 20071335 12920132 
Q13972;RASGRF1;9606;P04637;TP53;9606;0.21;16753148 
Q13625;TP53BP2;9606;Q13432;UNC119;9606;0.286;16169070 
Q15717;ELAVL1;9606;P04637;TP53;9606;0.21;14517280 
Q13501;SQSTM1;9606;P04637;TP53;9606;0.623;16793543 25144556 27031960 
P51449;RORC;9606;P04637;TP53;9606;0.126;28514442 
Q13569;TDG;9606;P04637;TP53;9606;0.309;10961991 
Q13572;ITPK1;9606;P04637;TP53;9606;0.309;12324474 
P51532;SMARCA4;9606;P04637;TP53;9606;0.814;21900401 18303029 11950834 17666433 
P55060;CSE1L;9606;P04637;TP53;9606;0.569;17719542 
Q13574;DGKZ;9606;P04637;TP53;9606;0.569;23606744 
Q15303;ERBB4;9606;P04637;TP53;9606;0.21;20858735 
P55316;FOXG1;9606;P04637;TP53;9606;0.126;25609649 
P56273;MDM2;8355;P04637;TP53;9606;0.309;8875929 
Q13625;TP53BP2;9606;P56279;TCL1A;9606;0.454;25416956 
Q13619;CUL4A;9606;P04637;TP53;9606;0.21;16861890 
Q13620;CUL4B;9606;P04637;TP53;9606;0.21;24452595 
Q13625;TP53BP2;9606;O08724;IRS3;10116;0.21;17965023 
Q13625;TP53BP2;9606;O14654;IRS4;9606;0.21;17965023 
Q13625;TP53BP2;9606;O15265;ATXN7;9606;0.454;16713569 
Q13625;TP53BP2;9606;O15350;TP73;9606;0.309;18275817 
Q13625;TP53BP2;9606;O95996;APC2;9606;0.583;10646860 
Q13625;TP53BP2;9606;P29991;P29991;31635;0.183;21911577 
Q13625;TP53BP2;9606;P46936;YAP1;9031;0.454;11278422 
Q13625;TP53BP2;9606;P49790;NUP153;9606;0.21;24855949 
Q13625;TP53BP2;9606;P57075;UBASH3A;9606;0.454;25416956 
Q13625;TP53BP2;9606;P61970;NUTF2;9606;0.21;24855949 
Q13625;TP53BP2;9606;P62875;POLR2L;9606;0.454;25416956 
Q13625;TP53BP2;9606;Q07817;BCL2L1;9606;0.848;18719108 21900206 
Q13625;TP53BP2;9606;Q13564;NAE1;9606;0.21;12694406 
Q15435;PPP1R7;9606;Q13625;TP53BP2;9606;0.332;unassigned1312 27173435 
Q96DC9;OTUB2;9606;Q13625;TP53BP2;9606;0.454;25416956 
Q9BUJ2;HNRNPUL1;9606;Q13625;TP53BP2;9606;0.454;25416956 
Q9BUZ4;TRAF4;9606;Q13625;TP53BP2;9606;0.454;25416956 
Q9H3D4;TP63;9606;Q13625;TP53BP2;9606;0.309;18275817 
Q9UQB8;BAIAP2;9606;Q13625;TP53BP2;9606;0.454;25416956 
Q16611;BAK1;9606;P04637;TP53;9606;0.702;25408501 15077116 21712378 27818144 
P51813;BMX;9606;P04637;TP53;9606;0.21;16186805 
Q16821;PPP1R3A;9606;Q13625;TP53BP2;9606;0.126;24366813 
Q96KQ4;PPP1R13B;9606;Q16821;PPP1R3A;9606;0.126;24366813 
Q14457;BECN1;9606;P04637;TP53;9606;0.21;28128446 
Q16881;TXNRD1;9606;P04637;TP53;9606;0.21;15824742 
Q15139;PRKD1;9606;P04637;TP53;9606;0.309;12628923 
Q1NZ49;NS;480019;P04637;TP53;9606;0.21;23954291 
Q14676;MDC1;9606;P04637;TP53;9606;0.21;14519663 
Q14695;KIAA0087;9606;P04637;TP53;9606;0.126;16169070 
Q14764;MVP;9606;P04637;TP53;9606;0.183;24722188 
Q27272;E(Y)1;7227;P04637;TP53;9606;0.033;7809597 
P52815;MRPL12;9606;O75414;NME6;9606;0.126;28514442 
Q2TBE0;CWF19L2;9606;Q13625;TP53BP2;9606;0.454;25416956 
P43246;MSH2;9606;P04637;TP53;9606;0.507;12101417 15064730 
P43356;MAGEA2B;9606;P04637;TP53;9606;0.569;26468294 16847267 
Q13625;TP53BP2;9606;P40222;TXLNA;9606;0.454;25416956 
P45984;MAPK9;9606;P04637;TP53;9606;0.569;12384512 9393873 22366412 
P46100;ATRX;9606;P04637;TP53;9606;0.21;23329831 
Q13625;TP53BP2;9606;P46108;CRK;9606;0.126;17474147 
P46821;MAP1B;9606;P04637;TP53;9606;0.569;18656471 
P48643;CCT5;9606;P04637;TP53;9606;0.523;22653443 23443559 25144556 16169070 
P49720;PSMB3;9606;P04637;TP53;9606;0.309;20080206 
P49792;RANBP2;9606;P04637;TP53;9606;0.309;22194619 
P49847;TAF6;7227;P04637;TP53;9606;0.033;7809597 
P49848;TAF6;9606;P04637;TP53;9606;0.583;7809597 20096117 
P42858;HTT;9606;P04637;TP53;9606;0.659;10823891 
Q96A56;TP53INP1;9606;P04637;TP53;9606;0.74;12851404 11511362 
Q9Y2I6;NINL;9606;P04637;TP53;9606;0.236;26638075 
Q9Y2D8;SSX2IP;9606;P04637;TP53;9606;0.236;26638075 
Q9Y2D8;SSX2IP;9606;Q96KQ4;PPP1R13B;9606;0.236;26638075 
Q9Y2I6;NINL;9606;Q13625;TP53BP2;9606;0.236;26638075 
Q9Y2I6;NINL;9606;Q96KQ4;PPP1R13B;9606;0.236;26638075 
Q9Y2J4;AMOTL2;9606;Q13625;TP53BP2;9606;0.236;24255178 
Q8WWY3;PRPF31;9606;Q13625;TP53BP2;9606;0.454;25416956 
Q8TDY2;RB1CC1;9606;P04637;TP53;9606;0.376;20614030 21775823 
Q9Y4K3;TRAF6;9606;P04637;TP53;9606;0.454;27818144 
Q8WZ73;RFFL;9606;P04637;TP53;9606;0.376;17121812 18382127 
Q9NQC7;CYLD;9606;P04637;TP53;9606;0.702;27561390 
Q9NS56;TOPORS;9606;P04637;TP53;9606;0.888;16122737 17290218 17803295 15247280 11842245 
Q9NZI8;IGF2BP1;9606;P04637;TP53;9606;0.236;20308539 23443559 
Q9UBE8;NLK;9606;P04637;TP53;9606;0.702;24926618 
Q9UHR4;BAIAP2L1;9606;P04637;TP53;9606;0.702;21887275 
Q9UM07;PADI4;9606;P04637;TP53;9606;0.794;18505818 20190809 
Q9UNA4;POLI;9606;P04637;TP53;9606;0.309;27407148 
P46108;CRK;9606;P04637;TP53;9606;0.286;25814554 
P04731;MT1A;9606;P04637;TP53;9606;0.454;16442532 
P06493;CDK1;9606;P04637;TP53;9606;0.49;10884347 9467949 11327730 
P06703;S100A6;9606;P04637;TP53;9606;0.523;23796514 20591429 
P46736;BRCC3;9606;P04637;TP53;9606;0.376;14636569 
P46777;RPL5;9606;P04637;TP53;9606;0.623;22653443 23443559 15308643 23169665 
Q8VBU8;BANP;10090;P04637;TP53;9606;0.309;12494467 
Q13625;TP53BP2;9606;P46938;YAP1;10090;0.236;26496610 
Q96KQ4;PPP1R13B;9606;Q92805;GOLGA1;9606;0.236;unassigned1304 
P51587;BRCA2;9606;P04637;TP53;9606;0.523;9811893 14636569 
Q96ES7;CCDC101;9606;Q13625;TP53BP2;9606;0.236;26186194 28514442 
Q92890;UFD1L;9606;P04637;TP53;9606;0.332;21900206 
P18283;GPX2;9606;P04637;TP53;9606;0.332;21988832 
P08151;GLI1;9606;P04637;TP53;9606;0.236;25609649 
P08218;CELA2B;9606;P04637;TP53;9606;0.236;26186194 28514442 
P38936;CDKN1A;9606;P04637;TP53;9606;0.769;25241761 12897156 16616141 11896572 21900206 17371838 
P14625;HSP90B1;9606;P04637;TP53;9606;0.702;25637791 
Q8TES7;FBF1;9606;Q13625;TP53BP2;9606;0.236;26638075 
P0DMV9;HSPA1B {ECO:0000312|HGNC:HGNC:5233};9606;P04637;TP53;9606;0.654;23443559 25144556 8729618 7954368 25241761 
P0DMV8;HSPA1A;9606;P04637;TP53;9606;0.654;23443559 25144556 8729618 7954368 25241761 
P18754;RCC1;9606;P04637;TP53;9606;0.332;21900206 
P15559;NQO1;9606;P04637;TP53;9606;0.523;26540344 12529318 26078718 14634213 
P18887;XRCC1;9606;P04637;TP53;9606;0.376;15044383 
Q96KQ4;PPP1R13B;9606;P41219;PRPH;9606;0.236;unassigned1304 
P16220;CREB1;9606;P04637;TP53;9606;0.811;21295542 16611888 25241761 10848610 
P41235;HNF4A;9606;P04637;TP53;9606;0.396;11818510 28514442 
Q13625;TP53BP2;9606;P17031;ZNF26;9606;0.454;25416956 
Q8IUQ4;SIAH1;9606;Q13625;TP53BP2;9606;0.636;25416956 21988832 
Q13625;TP53BP2;9606;O43255;SIAH2;9606;0.702;23644657 
Q8IW35;CEP97;9606;Q13625;TP53BP2;9606;0.236;26638075 
Q13625;TP53BP2;9606;O75901;RASSF9;9606;0.416;24366813 
Q96KQ4;PPP1R13B;9606;O75901;RASSF9;9606;0.416;24366813 
Q13625;TP53BP2;9606;O43295;SRGAP3;9606;0.236;26186194 28514442 
Q96KQ4;PPP1R13B;9606;O43295;SRGAP3;9606;0.236;26186194 28514442 
Q96KQ4;PPP1R13B;9606;Q8NHY3;GAS2L2;9606;0.236;unassigned1304 
P04637;TP53;9606;O43638;FOXS1;9606;0.236;25609649 
P42345;MTOR;9606;P04637;TP53;9606;0.376;19619545 
Q96KQ4;PPP1R13B;9606;B9EK46;CGN {ECO:0000313|EMBL:AAI50605.1};9606;0.236;unassigned1304 
P04637;TP53;9606;O43847;NRD1;9606;0.416;22653443 
P49761;CLK3;9606;P04637;TP53;9606;0.236;23602568 
P35226;BMI1;9606;P04637;TP53;9606;0.376;22907436 24039897 
P04637;TP53;9606;O15047;SETD1A;9606;0.636;23870121 
P30405;PPIF;9606;P04637;TP53;9606;0.659;22726440 
P30419;NMT1;9606;P04637;TP53;9606;0.376;16530191 
Q8N0Z3;SPICE1;9606;P04637;TP53;9606;0.236;26638075 
P35232;PHB;9606;P04637;TP53;9606;0.748;24380853 14500729 20134482 16319068 
P04637;TP53;9606;O15169;AXIN1;9606;0.731;23826318 21057547 
P04637;TP53;9606;O60936;NOL3;9606;0.454;18087040 
Q8N680;ZBTB2;9606;P04637;TP53;9606;0.454;19380588 
Q13625;TP53BP2;9606;A6NK89;RASSF10;9606;0.236;24366813 
Q96KQ4;PPP1R13B;9606;A6NK89;RASSF10;9606;0.236;24366813 
Q96KQ4;PPP1R13B;9606;O75145;PPFIA3;9606;0.236;unassigned1304 
Q8TAF3;WDR48;9606;P04637;TP53;9606;0.236;19615732 
Q96KQ4;PPP1R13B;9606;O15350;TP73;9606;0.454;14729977 
P04637;TP53;9606;O15353;FOXN1;9606;0.236;25609649 
Q13625;TP53BP2;9606;P31946;YWHAB;9606;0.236;24255178 
Q96KQ4;PPP1R13B;9606;Q8N6V9;TEX9;9606;0.236;unassigned1304 
Q96I51;WBSCR16;9606;O75414;NME6;9606;0.539;21988832 27499296 27667664 
P31947;SFN;9606;P04637;TP53;9606;0.872;20206173 21625211 17546054 11896572 14517281 
Q13625;TP53BP2;9606;P62993;GRB2;9606;0.454;25416956 
P04637;TP53;9606;O00629;KPNA4;9606;0.454;19927155 
Q13625;TP53BP2;9606;O75665;OFD1;9606;0.236;26638075 
Q96KQ4;PPP1R13B;9606;Q8TBB1;LNX1;9606;0.236;unassigned1304 
P04637;TP53;9606;O15519;CFLAR;9606;0.61;18559494 21474069 
Q8N960;CEP120;9606;P04637;TP53;9606;0.236;26638075 
Q8N960;CEP120;9606;Q13625;TP53BP2;9606;0.236;26638075 
P63104;YWHAZ;9606;P04637;TP53;9606;0.623;22653443 16376338 9620776 
Q13625;TP53BP2;9606;P63104;YWHAZ;9606;0.236;15161933 26496610 
P04637;TP53;9606;O14503;BHLHE40;9606;0.659;17347673 
Q8NCE2;MTMR14;9606;Q13625;TP53BP2;9606;0.454;25416956 
P04637;TP53;9606;O14641;DVL2;9606;0.659;27107012 16713569 16189514 
Q86Y07;VRK2;9606;P04637;TP53;9606;0.454;16704422 
Q01105;SET;9606;P04637;TP53;9606;0.454;21911363 
Q13625;TP53BP2;9606;O14777;NDC80;9606;0.454;25416956 
Q96KQ4;PPP1R13B;9606;O14777;NDC80;9606;0.236;unassigned1304 
Q86YM7;HOMER1;9606;Q13625;TP53BP2;9606;0.236;26186194 28514442 
Q01167;FOXK2;9606;P04637;TP53;9606;0.236;25609649 
Q96KQ4;PPP1R13B;9606;Q86YV0;RASAL3;9606;0.236;unassigned1304 
P04637;TP53;9606;O14920;IKBKB;9606;0.454;19883646 19196987 
Q9JK83;PARD6B;10090;Q13625;TP53BP2;9606;0.236;26496610 
Q96KQ4;PPP1R13B;9606;P35900;KRT20;9606;0.236;unassigned1304 
P04637;TP53;9606;P04150;NR3C1;9606;0.659;11080152 11562347 
Q76N89;HECW1;9606;P04637;TP53;9606;0.454;18223681 
Q9NSC2;SALL1;9606;Q96KQ4;PPP1R13B;9606;0.236;unassigned1304 
P04637;TP53;9606;O95376;ARIH2;9606;0.832;22819825 16169070 
Q9NTD8;RRM2B;9606;P04637;TP53;9606;0.065;12615712 
Q9NU19;TBC1D22B;9606;Q13625;TP53BP2;9606;0.454;25416956 
P04637;TP53;9606;O95644;NFATC1;9606;0.236;25609649 
P04637;TP53;9606;P04271;S100B;9606;0.702;20591429 15178678 
Q7L7W2;Q7L7W2;9606;P04637;TP53;9606;0.376;17245430 
Q9NXR7;BRE;9606;P04637;TP53;9606;0.376;14636569 
Q7Z6E9;RBBP6;9606;P04637;TP53;9606;0.454;9010216 
P04637;TP53;9606;P01106;MYC;9606;0.236;21150319 
Q7Z7A1;CNTRL;9606;Q13625;TP53BP2;9606;0.236;26638075 
P34932;HSPA4;9606;P04637;TP53;9606;0.765;25144556 18223694 23109422 17184779 20847049 21268072 
P04637;TP53;9606;O00411;POLRMT;9606;0.236;25609649 
P04637;TP53;9606;O00541;PES1;9606;0.236;25609649 
P04637;TP53;9606;O14497;ARID1A;9606;0.454;21900401 
P04637;TP53;9606;O14757;CHEK1;9606;0.748;15364958 16511572 12756247 11896572 10673501 
P04637;TP53;9606;O43524;FOXO3;9606;0.196;25241761 
P04637;TP53;9606;O43741;PRKAB2;9606;0.236;27107012 
P04637;TP53;9606;O60264;SMARCA5;9606;0.236;25609649 
P04637;TP53;9606;O60729;CDC14B;9606;0.454;10644693 
P04637;TP53;9606;O75182;SIN3B;9606;0.454;22028823 
P04637;TP53;9606;O75376;NCOR1;9606;0.309;19011633 24157709 
P04637;TP53;9606;O95714;HERC2;9606;0.74;22653443 24722987 27259994 
P04637;TP53;9606;O95863;SNAI1;9606;0.692;20385133 28067227 
P04637;TP53;9606;O95967;EFEMP2;9606;0.454;10380882 
P04637;TP53;9606;O96017;CHEK2;9606;0.837;15862297 10724175 12810724 10710310 10673501 18833288 
P04637;TP53;9606;P02749;APOH;9606;0.332;18624398 
P04637;TP53;9606;P02829;HSP82;559292;0.523;21892170 
P05388;RPLP0;9606;P04637;TP53;9606;0.236;23443559 25144556 
P08708;RPS17;9606;P04637;TP53;9606;0.236;23443559 25144556 
P09651;HNRNPA1;9606;P04637;TP53;9606;0.236;23443559 25144556 
P0CG47;UBB;9606;P04637;TP53;9606;0.309;17936559 23443559 
P11388;TOP2A;9606;P04637;TP53;9606;0.454;10666337 
P11473;VDR;9606;P04637;TP53;9606;0.731;20227041 
P11940;PABPC1;9606;P04637;TP53;9606;0.236;23443559 25144556 
P13639;EEF2;9606;P04637;TP53;9606;0.309;22653443 12891704 
P13693;TPT1;9606;P04637;TP53;9606;0.787;21081126 22157679 
P15108;HSC82;559292;P04637;TP53;9606;0.523;21892170 
P15880;RPS2;9606;P04637;TP53;9606;0.236;23443559 25144556 
P15927;RPA2;9606;P04637;TP53;9606;0.236;25609649 
P21580;TNFAIP3;9606;P04637;TP53;9606;0.61;24099634 23471665 
P23804;MDM2;10090;P04637;TP53;9606;0.472;18566590 11983168 24980433 
P25963;NFKBIA;9606;P04637;TP53;9606;0.454;11799106 
P27361;MAPK3;9606;P04637;TP53;9606;0.61;10958792 21187340 21147777 
P04637;TP53;9606;P03126;E6;333760;0.888;12620801 18977328 15175323 8207801 1321290 26789255 
P42704;LRPPRC;9606;P04637;TP53;9606;0.236;20308539 23443559 
P46783;RPS10;9606;P04637;TP53;9606;0.396;23443559 15536084 
P48729;CSNK1A1;9606;P04637;TP53;9606;0.376;19759023 27114532 
P49459;UBE2A;9606;P04637;TP53;9606;0.826;24506068 12640129 22083959 
P49841;GSK3B;9606;P04637;TP53;9606;0.597;12048243 14744935 21900206 
P50750;CDK9;9606;P04637;TP53;9606;0.794;16741955 
P51948;MNAT1;9606;P04637;TP53;9606;0.454;9372954 
P52272;HNRNPM;9606;P04637;TP53;9606;0.236;23443559 25144556 
P53350;PLK1;9606;P04637;TP53;9606;0.681;22653443 16753148 19833129 
P53801;PTTG1IP;9606;P04637;TP53;9606;0.765;24506068 25408419 
P55199;ELL;9606;P04637;TP53;9606;0.794;10358050 
P60709;ACTB;9606;P04637;TP53;9606;0.236;23443559 25144556 
P61088;UBE2N;9606;P04637;TP53;9606;0.765;19651615 17000756 
P61247;RPS3A;9606;P04637;TP53;9606;0.236;23443559 25144556 
P61353;RPL27;9606;P04637;TP53;9606;0.236;23443559 25144556 
P62258;YWHAE;9606;P04637;TP53;9606;0.309;18812399 23443559 
P62424;RPL7A;9606;P04637;TP53;9606;0.236;23443559 25144556 
P62877;RBX1;9606;P04637;TP53;9606;0.236;22653443 23443559 
P62917;RPL8;9606;P04637;TP53;9606;0.236;23443559 25144556 
P63208;SKP1;9606;P04637;TP53;9606;0.236;22653443 23443559 
P82650;MRPS22;9606;P04637;TP53;9606;0.236;22653443 23443559 
Q02880;TOP2B;9606;P04637;TP53;9606;0.454;10666337 
Q03164;KMT2A;9606;P04637;TP53;9606;0.396;15960975 23443559 
Q03701;CEBPZ;9606;P04637;TP53;9606;0.659;12534345 
Q05823;RNASEL;9606;P04637;TP53;9606;0.236;25609649 
Q14186;TFDP1;9606;P04637;TP53;9606;0.454;8816502 
Q14974;KPNB1;9606;P04637;TP53;9606;0.454;11297531 
Q15018;FAM175B;9606;P04637;TP53;9606;0.236;26186194 28514442 
Q15596;NCOA2;9606;P04637;TP53;9606;0.286;20195357 
Q15788;NCOA1;9606;P04637;TP53;9606;0.523;10551785 
Q16363;LAMA4;9606;P04637;TP53;9606;0.426;16169070 25241761 
Q16539;MAPK14;9606;P04637;TP53;9606;0.837;17172861 20213747 21050851 21675959 15642743 
Q5VTR2;RNF20;9606;P04637;TP53;9606;0.583;19410543 16337599 
Q61221;HIF1A;10090;P04637;TP53;9606;0.454;11707426 
Q6UXN9;WDR82;9606;P04637;TP53;9606;0.286;23870121 
Q86T24;ZBTB33;9606;P04637;TP53;9606;0.659;26183023 25288747 
Q8IXF0;NPAS3;9606;P04637;TP53;9606;0.236;25609649 
Q8WTS6;SETD7;9606;P04637;TP53;9606;0.928;16415881 17108971 15525938 21988832 
Q8WYH8;ING5;9606;P04637;TP53;9606;0.692;12750254 17954561 21177815 
Q969V5;MUL1;9606;P04637;TP53;9606;0.794;21597459 
Q96CJ1;EAF2;9606;P04637;TP53;9606;0.236;27107012 
Q96FW1;OTUB1;9606;P04637;TP53;9606;0.884;22124327 24403071 27561390 
Q96PU4;UHRF2;9606;P04637;TP53;9606;0.702;21952639 
Q96S59;RANBP9;9606;P04637;TP53;9606;0.396;22653443 18307271 
Q96ST3;SIN3A;9606;P04637;TP53;9606;0.787;10823891 11359905 10521394 
Q99576;TSC22D3;9606;P04637;TP53;9606;0.671;25168242 
Q99728;BARD1;9606;P04637;TP53;9606;0.731;14636569 15782130 26022179 21742769 
Q9BQE3;TUBA1C;9606;P04637;TP53;9606;0.236;23443559 25144556 
Q9BT78;COPS4;9606;P04637;TP53;9606;0.309;22653443 24725084 
Q9BVP2;GNL3;9606;P04637;TP53;9606;0.837;12464630 19033382 
Q9BX70;BTBD2;9606;P04637;TP53;9606;0.454;16169070 
Q9GZV1;ANKRD2;9606;P04637;TP53;9606;0.454;15136035 
Q9H0A0;NAT10;9606;P04637;TP53;9606;0.702;26882543 
Q9HB65;ELL3;9606;P04637;TP53;9606;0.454;26540344 
Q9HCE1;MOV10;9606;P04637;TP53;9606;0.236;25609649 
P85037;FOXK1;9606;P04637;TP53;9606;0.236;25609649 
Q9UBU9;NXF1;9606;Q13625;TP53BP2;9606;0.523;25416956 22658674 
Q13625;TP53BP2;9606;P53350;PLK1;9606;0.332;21900206 
P61224;RAP1B;9606;P04637;TP53;9606;0.332;21900206 
P26687;TWIST1;10090;P04637;TP53;9606;0.376;22975381 
Q9UN74;PCDHA4;9606;P04637;TP53;9606;0.286;16169070 
Q96KQ4;PPP1R13B;9606;P21266;GSTM3;9606;0.236;26186194 28514442 
Q9UPZ9;ICK;9606;P04637;TP53;9606;0.236;23602568 
Q15424;SAFB;9606;P04637;TP53;9606;0.659;21130767 
Q08619;IFI205B;10090;P04637;TP53;9606;0.376;16458891 
P54725;RAD23A;9606;P04637;TP53;9606;0.376;15064742 16105547 
Q15648;MED1;9606;P04637;TP53;9606;0.748;15848166 9444950 11118038 
P55318;FOXA3;9606;P04637;TP53;9606;0.236;25609649 
P24522;GADD45A;9606;P04637;TP53;9606;0.332;21900206 
P24830;E2 {ECO:0000255|HAMAP-RULE:MF_04001};10588;P04637;TP53;9606;0.236;22761572 
Q13625;TP53BP2;9606;Q04917;YWHAH;9606;0.236;17979178 26496610 
Q16594;TAF9;9606;P04637;TP53;9606;0.597;11278372 7761466 7809597 18250150 
Q05655;PRKCD;9606;P04637;TP53;9606;0.623;16377624 16314418 
P28482;MAPK1;9606;P04637;TP53;9606;0.697;10958792 23443559 25241761 21147777 21675959 
Q96KQ4;PPP1R13B;9606;P25800;LMO1;9606;0.236;unassigned1304 
Q06587;RING1;9606;P04637;TP53;9606;0.671;29187402 22907436 
Q96KN7;RPGRIP1;9606;Q13625;TP53BP2;9606;0.236;26638075 
Q96KQ4;PPP1R13B;9606;P61024;CKS1B;9606;0.236;unassigned1304 
Q96KQ4;PPP1R13B;9606;P56279;TCL1A;9606;0.236;unassigned1304 
Q96KQ4;PPP1R13B;9606;O94964;SOGA1;9606;0.236;unassigned1304 
Q96KQ4;PPP1R13B;9606;A6NKD9;CCDC85C;9606;0.236;24366813 
Q96KQ4;PPP1R13B;9606;O60941;DTNB;9606;0.236;unassigned1304 
Q96KQ4;PPP1R13B;9606;O43741;PRKAB2;9606;0.236;unassigned1304 
Q96KQ4;PPP1R13B;9606;P40692;MLH1;9606;0.236;unassigned1304 
Q96KQ4;PPP1R13B;9606;P0CG20;PRR35;9606;0.236;unassigned1304 
Q96KQ4;PPP1R13B;9606;P04637;TP53;9606;0.376;21513714 
Q96KQ4;PPP1R13B;9606;O95057;DIRAS1;9606;0.236;unassigned1304 
Q96KQ4;PPP1R13B;9606;O95460;MATN4;9606;0.236;unassigned1304 
Q96KQ4;PPP1R13B;9606;P40222;TXLNA;9606;0.236;unassigned1304 
Q96KQ4;PPP1R13B;9606;P19013;KRT4;9606;0.236;unassigned1304 
Q96KQ4;PPP1R13B;9606;P16298;PPP3CB;9606;0.236;24366813 
Q96KQ4;PPP1R13B;9606;P20700;LMNB1;9606;0.236;unassigned1304 
Q96KQ4;PPP1R13B;9606;Q92619;HMHA1;9606;0.236;unassigned1304 
Q96KQ4;PPP1R13B;9606;Q68D86;CCDC102B;9606;0.236;unassigned1304 
Q96KQ4;PPP1R13B;9606;Q05D60;CCDC67;9606;0.236;unassigned1304 
Q96KQ4;PPP1R13B;9606;Q03252;LMNB2;9606;0.236;unassigned1304 
Q96KQ4;PPP1R13B;9606;P62140;PPP1CB;9606;0.49;28330616 27880917 24366813 
Q96KQ4;PPP1R13B;9606;Q52MB2;CCDC184;9606;0.454;25416956 
Q96KQ4;PPP1R13B;9606;Q13077;TRAF1;9606;0.454;25416956 
Q96KQ4;PPP1R13B;9606;Q15834;CCDC85B;9606;0.236;24366813 
Q96KQ4;PPP1R13B;9606;Q13515;BFSP2;9606;0.236;unassigned1304 
Q96KQ4;PPP1R13B;9606;Q15311;RALBP1;9606;0.236;unassigned1304 
Q96KQ4;PPP1R13B;9606;Q8WW24;TEKT4;9606;0.236;unassigned1304 
Q96KQ4;PPP1R13B;9606;Q8N5A5;ZGPAT;9606;0.236;unassigned1304 
Q96KQ4;PPP1R13B;9606;Q6NYC8;PPP1R18;9606;0.236;unassigned1304 
Q96KQ4;PPP1R13B;9606;Q8IYH5;ZZZ3;9606;0.236;unassigned1304 
Q96KQ4;PPP1R13B;9606;Q86XR8;CEP57;9606;0.236;unassigned1304 
Q96KQ4;PPP1R13B;9606;Q86YD7;FAM90A1;9606;0.236;unassigned1304 
Q96KQ4;PPP1R13B;9606;Q8TD31;CCHCR1;9606;0.236;unassigned1304 
Q96KQ4;PPP1R13B;9606;Q8NB25;FAM184A;9606;0.236;unassigned1304 
Q96KQ4;PPP1R13B;9606;Q8NA61;SPERT;9606;0.236;unassigned1304 
Q96KQ4;PPP1R13B;9606;Q8NHQ8;RASSF8;9606;0.554;26186194 24366813 unassigned1304 28514442 
Q96KQ4;PPP1R13B;9606;Q8TAP4;LMO3;9606;0.236;unassigned1304 
Q9P0W2;HMG20B;9606;Q96KQ4;PPP1R13B;9606;0.236;unassigned1304 
Q9BVG8;KIFC3;9606;Q96KQ4;PPP1R13B;9606;0.236;unassigned1304 
Q96QC0;PPP1R10;9606;Q96KQ4;PPP1R13B;9606;0.236;24366813 
Q96KQ4;PPP1R13B;9606;Q96EZ8;MCRS1;9606;0.236;unassigned1304 
Q9BRT9;GINS4;9606;Q96KQ4;PPP1R13B;9606;0.236;unassigned1304 
Q99459;CDC5L;9606;Q96KQ4;PPP1R13B;9606;0.49;17043677 unassigned1304 
Q99816;TSG101;9606;Q96KQ4;PPP1R13B;9606;0.236;unassigned1304 
Q9NYP9;MIS18A;9606;Q96KQ4;PPP1R13B;9606;0.236;unassigned1304 
Q9BZW7;TSGA10;9606;Q96KQ4;PPP1R13B;9606;0.236;unassigned1304 
Q9BXU0;TEX12;9606;Q96KQ4;PPP1R13B;9606;0.236;unassigned1304 
Q9BY27;DGCR6L;9606;Q96KQ4;PPP1R13B;9606;0.236;unassigned1304 
Q9NWW7;C2ORF42;9606;Q96KQ4;PPP1R13B;9606;0.236;unassigned1304 
Q9H3G5;CPVL;9606;Q96KQ4;PPP1R13B;9606;0.236;24366813 
Q9NRM7;LATS2;9606;Q96KQ4;PPP1R13B;9606;0.659;21041410 24255178 21041411 
Q9Y6W3;CAPN7;9606;Q96KQ4;PPP1R13B;9606;0.236;unassigned1304 
Q9ULW6;NAP1L2;9606;Q96KQ4;PPP1R13B;9606;0.236;unassigned1304 
Q9BQA5;HINFP;9606;P04637;TP53;9606;0.332;21516116 
Q96M61;MAGEB18;9606;P04637;TP53;9606;0.554;16713569 16189514 
Q96KQ4;PPP1R13B;9606;Q1A5X7;WHAMMP3;9606;0.236;unassigned1304 
Q07955;SRSF1;9606;P04637;TP53;9606;0.454;20805487 
Q494U1;PLEKHN1;9606;Q13625;TP53BP2;9606;0.454;25416956 
Q96NE9;FRMD6;9606;Q13625;TP53BP2;9606;0.236;26186194 28514442 
Q96NL6;SCLT1;9606;Q13625;TP53BP2;9606;0.236;26638075 
Q15154;PCM1;9606;Q13625;TP53BP2;9606;0.236;26638075 
Q49MG5;MAP9;9606;P04637;TP53;9606;0.454;22672907 
Q96KQ4;PPP1R13B;9606;Q4G176;ACSF3;9606;0.236;unassigned1304 
Q9BUJ2;HNRNPUL1;9606;P04637;TP53;9606;0.765;22653443 15907477 
Q9BUJ2;HNRNPUL1;9606;Q96KQ4;PPP1R13B;9606;0.236;unassigned1304 
Q96ST8;CEP89;9606;Q13625;TP53BP2;9606;0.236;26638075 
Q4VCS5;AMOT;9606;Q13625;TP53BP2;9606;0.196;24255178 
Q9BWC9;CCDC106;9606;P04637;TP53;9606;0.61;20159018 16169070 
Q14151;SAFB2;9606;P04637;TP53;9606;0.376;21130767 
Q99853;FOXB1;9606;P04637;TP53;9606;0.236;25609649 
Q9C0F1;CEP44;9606;Q13625;TP53BP2;9606;0.236;26638075 
Q12948;FOXC1;9606;P04637;TP53;9606;0.236;25609649 
Q14457;BECN1;9606;Q13625;TP53BP2;9606;0.236;20562859 
Q13227;GPS2;9606;P04637;TP53;9606;0.454;11486030 
Q13233;MAP3K1;9606;P04637;TP53;9606;0.731;20923779 26018553 
Q9H9B1;EHMT1;9606;P04637;TP53;9606;0.523;20588255 20118233 
Q13625;TP53BP2;9606;Q13387;MAPK8IP2;9606;0.332;21900206 
Q9HAQ2;KIF9;9606;Q96KQ4;PPP1R13B;9606;0.236;unassigned1304 
Q9HAU0;PLEKHA5;9606;Q96KQ4;PPP1R13B;9606;0.286;20936779 
Q9C009;FOXQ1;9606;P04637;TP53;9606;0.236;25609649 
Q13625;TP53BP2;9606;P34932;HSPA4;9606;0.236;24366813 
Q13625;TP53BP2;9606;P04083;ANXA1;9606;0.236;24366813 
Q13625;TP53BP2;9606;A6NKD9;CCDC85C;9606;0.236;24366813 
Q13625;TP53BP2;9606;P02340;TP53;10090;0.065;8016121 
Q13625;TP53BP2;9606;P41236;PPP1R2;9606;0.236;24366813 
Q13625;TP53BP2;9606;P62140;PPP1CB;9606;0.722;28330616 25416956 24366813 27880917 
Q13625;TP53BP2;9606;Q02833;RASSF7;9606;0.554;26186194 28514442 24366813 
Q15834;CCDC85B;9606;Q13625;TP53BP2;9606;0.236;24366813 
Q53HC0;CCDC92;9606;Q13625;TP53BP2;9606;0.454;25416956 
Q92598;HSPH1;9606;Q13625;TP53BP2;9606;0.236;24366813 
Q8NHQ8;RASSF8;9606;Q13625;TP53BP2;9606;0.61;26186194 24366813 26496610 28514442 
Q8TEW0;PARD3;9606;Q13625;TP53BP2;9606;0.236;24366813 
Q9H3G5;CPVL;9606;Q13625;TP53BP2;9606;0.236;24366813 
Q9Y2D8;SSX2IP;9606;Q13625;TP53BP2;9606;0.583;25416956 26638075 
Q9HBJ7;USP29;9606;P04637;TP53;9606;0.376;21285945 
Q96KQ4;PPP1R13B;9606;Q5HYW2;NHSL2;9606;0.236;unassigned1304 
Q9HC77;CENPJ;9606;Q13625;TP53BP2;9606;0.236;26638075 
Q53GS9;USP39;9606;P04637;TP53;9606;0.236;19615732 
Q9H334;FOXP1;9606;P04637;TP53;9606;0.236;25609649 
Q9H4L4;SENP3;9606;P04637;TP53;9606;0.309;21316347 
Q66GS9;CEP135;9606;P04637;TP53;9606;0.236;26638075 
Q66GS9;CEP135;9606;Q13625;TP53BP2;9606;0.236;26638075 
Q66K89;E4F1;9606;P04637;TP53;9606;0.765;16652157 10644996 12446718 
Q68CZ1;RPGRIP1L;9606;P04637;TP53;9606;0.236;26638075 
Q68CZ1;RPGRIP1L;9606;Q13625;TP53BP2;9606;0.236;26638075 
Q96KQ4;PPP1R13B;9606;Q09472;EP300;9606;0.507;21513714 
Q96SB4;SRPK1;9606;P04637;TP53;9606;0.814;21130767 
P24941;CDK2;9606;P04637;TP53;9606;0.583;10884347 19556892 25241761 
Q99608;NDN;9606;P04637;TP53;9606;0.808;23785149 10347180 24722188 18753379 
Q96J02;ITCH;9606;Q13625;TP53BP2;9606;0.814;25436413 
Q13625;TP53BP2;9606;Q04206;RELA;9606;0.858;18448430 10498867 
Q7LG56;RRM2B;9606;P04637;TP53;9606;0.507;19015526 12615712 
Q7Z6Z7;HUWE1;9606;P04637;TP53;9606;0.814;15989956 22552282 
Q9H422;HIPK3;9606;P04637;TP53;9606;0.472;23602568 10961991 
Q86XK2;FBXO11;9606;P04637;TP53;9606;0.74;17098746 
Q96KQ4;PPP1R13B;9606;Q07666;KHDRBS1;9606;0.61;22745667 16474851 
Q13155;AIMP2;9606;P04637;TP53;9606;0.858;18695251 
Q8N5A5;ZGPAT;9606;Q13625;TP53BP2;9606;0.583;25416956 
P62913;RPL11;9606;P04637;TP53;9606;0.731;14612427 23443559 15308643 23169665 
Q13625;TP53BP2;9606;Q13625;TP53BP2;9606;0.702;18448430 
Q9UHC7;MKRN1;9606;P04637;TP53;9606;0.787;19536131 
Q9UNH5;CDC14A;9606;P04637;TP53;9606;0.623;10644693 
Q9UPR3;SMG5;9606;P04637;TP53;9606;0.332;22653443 25609649 
Q9P0U4;CXXC1;9606;P04637;TP53;9606;0.681;23870121 
P04637;TP53;9606;O95155;UBE4B;9606;0.888;21317885 24587254 26673821 
P04637;TP53;9606;O95365;ZBTB7A;9606;0.569;24857950 19244234 
P04792;HSPB1;9606;P04637;TP53;9606;0.642;17184779 25241761 16169070 
P63165;SUMO1;9606;P04637;TP53;9606;0.539;19684601 16732283 10961991 
P67809;YBX1;9606;P04637;TP53;9606;0.772;23443559 25144556 15136035 11175333 21344396 
Q9H9J4;USP42;9606;P04637;TP53;9606;0.872;22085928 
Q9NZC7;WWOX;9606;P04637;TP53;9606;0.853;15580310 11058590 16219768 
P04637;TP53;9606;O15055;PER2;9606;0.837;25103245 27834218 
P04637;TP53;9606;O60341;KDM1A;9606;0.902;22653443 17805299 18573881 
P04637;TP53;9606;O75528;TADA3;9606;0.731;17452980 17272277 18250150 11707411 23443559 
P04637;TP53;9606;O94776;MTA2;9606;0.623;11099047 12920132 
P06463;E6;333761;P04637;TP53;9606;0.876;18977328 8207801 11571640 22810586 11907332 15175323 
P07437;TUBB;9606;P04637;TP53;9606;0.332;22653443 23443559 25144556 
P11021;HSPA5;9606;P04637;TP53;9606;0.454;17184779 23443559 
P18074;ERCC2;9606;P04637;TP53;9606;0.671;7663514 8612585 
P17987;TCP1;9606;P04637;TP53;9606;0.332;22653443 23443559 25144556 
P19525;EIF2AK2;9606;P04637;TP53;9606;0.872;10348343 19631745 
P22736;NR4A1;9606;P04637;TP53;9606;0.884;17139261 
P40227;CCT6A;9606;P04637;TP53;9606;0.332;22653443 23443559 25144556 
P04637;TP53;9606;O35618;MDM4;10090;0.472;21572037 15916963 8895579 
P50991;CCT4;9606;P04637;TP53;9606;0.332;22653443 23443559 25144556 
P49757;NUMB;9606;P04637;TP53;9606;0.808;22157679 18172499 23881403 27106262 28223335 
P48730;CSNK1D;9606;P04637;TP53;9606;0.761;25241761 16870621 17101137 18246126 
P49368;CCT3;9606;P04637;TP53;9606;0.332;22653443 23443559 25144556 
P50990;CCT8;9606;P04637;TP53;9606;0.332;22653443 23443559 25144556 
P54132;BLM;9606;P04637;TP53;9606;0.958;22653443 11781842 15364958 11399766 24239288 12080066 
P60484;PTEN;9606;P04637;TP53;9606;0.787;14559824 12620407 24141722 18339852 
P68400;CSNK2A1;9606;P04637;TP53;9606;0.823;15358769 22975381 25241761 12628923 24725084 23443559 
P78371;CCT2;9606;P04637;TP53;9606;0.332;22653443 23443559 25144556 
Q05397;PTK2;9606;P04637;TP53;9606;0.91;25241761 19857493 18206965 15855171 
Q06609;RAD51;9606;P04637;TP53;9606;0.884;16983346 14636569 15064730 9380510 8617246 
Q13362;PPP2R5C;9606;P04637;TP53;9606;0.365;17245430 25241761 
Q13885;TUBB2A;9606;P04637;TP53;9606;0.332;22653443 23443559 25144556 
Q14694;USP10;9606;P04637;TP53;9606;0.872;20096447 24998844 
Q15466;NR0B2;9606;P04637;TP53;9606;0.832;22575647 22737255 
Q16665;HIF1A;9606;P04637;TP53;9606;0.832;10640274 27345397 9537326 12606552 12124396 
P04637;TP53;9606;O75928;PIAS2;9606;0.823;11867732 19339993 25241761 18624398 
Q8N3Y1;FBXW8;9606;P04637;TP53;9606;0.332;22653443 25609649 
Q8N9N5;BANP;9606;P04637;TP53;9606;0.908;20075864 19303885 22074660 
Q92905;COPS5;9606;P04637;TP53;9606;0.92;11285227 16936264 16624822 17879958 24725084 
Q92922;SMARCC1;9606;P04637;TP53;9606;0.454;18303029 11950834 
Q99832;CCT7;9606;P04637;TP53;9606;0.332;22653443 23443559 25144556 
P10415;BCL2;9606;P04637;TP53;9606;0.853;19521340 21624955 9194558 21597459 12667443 
P11142;HSPA8;9606;P04637;TP53;9606;0.794;25144556 8729618 7954368 11297531 28215707 23443559 
P14373;TRIM27;9606;P04637;TP53;9606;0.623;20972456 
P18847;ATF3;9606;P04637;TP53;9606;0.853;11792711 16169070 15933712 
P16885;PLCG2;9606;P04637;TP53;9606;0.376;25814554 
Q13625;TP53BP2;9606;P05067;APP;9606;0.569;11278849 
P33981;TTK;9606;P04637;TP53;9606;0.623;19332559 
Q9Y468;L3MBTL1;9606;P04637;TP53;9606;0.623;20870725 
Q9ULJ6;ZMIZ1;9606;P04637;TP53;9606;0.623;17584785 
Q92794;KAT6A;9606;P04637;TP53;9606;0.702;19001415 23431171 
P38646;HSPA9;9606;P04637;TP53;9606;0.946;20153329 22726440 25144556 11900485 17184779 22340593 22366412 23443559 
Q7Z2E3;APTX;9606;P04637;TP53;9606;0.659;15044383 
Q96KQ4;PPP1R13B;9606;P36873;PPP1CC;9606;0.884;28330616 21382349 23080069 21998301 27880917 28514442 26186194 24366813 
Q96KQ4;PPP1R13B;9606;Q8TD10;MIPOL1;9606;0.454;25416956 
P07900;HSP90AA1;9606;P04637;TP53;9606;0.888;10557093 23443559 12427754 11507088 21268072 11297531 22939624 15001357 15358769 
P04637;TP53;9606;O75147;OBSL1;9606;0.416;22653443 25609649 23443559 
P04637;TP53;9606;O75925;PIAS1;9606;0.94;11583632 15133049 25241761 11867732 20805487 10380882 
P04637;TP53;9606;O95816;BAG2;9606;0.472;22653443 23443559 25144556 27807478 
P09429;HMGB1;9606;P04637;TP53;9606;0.848;11106654 11748221 9472015 
P09874;PARP1;9606;P04637;TP53;9606;0.943;14627987 9565608 15044383 9312059 12898523 
P20226;TBP;9606;P04637;TP53;9606;0.93;11313951 10359315 1465435 9349482 7799929 12379483 8083962 
P26447;S100A4;9606;P04637;TP53;9606;0.939;20591429 23752197 11527429 20070253 19740107 
P30153;PPP2R1A;9606;P04637;TP53;9606;0.498;17245430 25241761 
P42771;CDKN2A;9606;P04637;TP53;9606;0.88;20395212 9724636 9653180 9529249 12446718 14612427 
P61978;HNRNPK;9606;P04637;TP53;9606;0.853;23092970 25144556 21821029 
P61964;WDR5;9606;P04637;TP53;9606;0.569;15960975 23870121 
P84022;SMAD3;9606;P04637;TP53;9606;0.623;12732139 23687300 24157709 
Q13625;TP53BP2;9606;P04637;TP53;9606;0.973;8875926 8668206 8016121 21513714 18275817 
Q14191;WRN;9606;P04637;TP53;9606;0.925;11427532 15735006 12080066 
Q86TM6;SYVN1;9606;P04637;TP53;9606;0.95;17170702 26254280 21903092 
Q92831;KAT2B;9606;P04637;TP53;9606;0.995;16678111 16537920 19680552 12501250 16959611 20589832 9744860 15965232 12068014 17189186 17977830 10490106 9891054 14614455 
Q96G74;OTUD5;9606;P04637;TP53;9606;0.925;24143256 19615732 25499082 
Q9H3D4;TP63;9606;P04637;TP53;9606;0.848;19345189 23687300 22575646 25417702 21741598 
P25490;YY1;9606;P04637;TP53;9606;0.93;15295102 18026119 25402006 22440256 15210108 
Q96KQ4;PPP1R13B;9606;Q02833;RASSF7;9606;0.416;26186194 28514442 24366813 
Q13625;TP53BP2;9606;P46937;YAP1;9606;0.988;11278422 24366813 25436413 24255178 10358088 
Q13625;TP53BP2;9606;P62136;PPP1CA;9606;0.932;22321011 21998301 28514442 27880917 15231748 21189257 26186194 24366813 28330616 
Q13625;TP53BP2;9606;P62807;HIST1H2BI;9606;0.454;25416956 
Q15796;SMAD2;9606;P04637;TP53;9606;0.865;25241761 25670079 19345189 12732139 23687300 19580641 
P51784;USP11;9606;P04637;TP53;9606;0.583;19615732 25471832 
Q9NPI1;BRD7;9606;P04637;TP53;9606;0.939;20228809 
Q9UBL3;ASH2L;9606;P04637;TP53;9606;0.523;23870121 
P04637;TP53;9606;O14965;AURKA;9606;0.953;26186194 23201157 14702041 12198151 28514442 
P38398;BRCA1;9606;P04637;TP53;9606;0.991;9926942 9482880 14710355 16969499 21742769 14636569 15571721 19509300 9582019 16677609 
P61289;PSME3;9606;P04637;TP53;9606;0.95;18309296 21084564 
Q07817;BCL2L1;9606;P04637;TP53;9606;0.971;16151013 24474649 20837658 14963330 21900206 12667443 26556313 
Q15291;RBBP5;9606;P04637;TP53;9606;0.623;15960975 23870121 
Q8TAQ5;ZNF420;9606;P04637;TP53;9606;0.937;20713054 19377469 
Q8NHY2;RFWD2;9606;P04637;TP53;9606;0.952;21625211 15103385 16931761 23736031 27534417 
Q96EB6;SIRT1;9606;P04637;TP53;9606;0.99;22389628 18235501 18235502 21149449 12006491 18753379 22689577 21245319 17964266 
Q99986;VRK1;9606;P04637;TP53;9606;0.946;15542844 10951572 24492002 11883897 29340707 
Q13625;TP53BP2;9606;P10415;BCL2;9606;0.955;18719108 8668206 
P23396;RPS3;9606;P04637;TP53;9606;0.765;19656744 
P23511;NFYA;9606;P04637;TP53;9606;0.928;15831478 16959611 23908595 
Q923E4;SIRT1;10090;P04637;TP53;9606;0.82;19680552 20167603 
Q92993;KAT5;9606;P04637;TP53;9606;0.948;16601686 17189186 18485870 17704809 23677994 18280244 15310756 
P06748;NPM1;9606;P04637;TP53;9606;0.97;16376884 15144954 12080348 16740634 15964625 23443559 
Q9UNL4;ING4;9606;P04637;TP53;9606;0.96;17954561 21177815 15251430 20053357 12750254 18775696 23967213 15882981 21454715 
Q9UNE7;STUB1;9606;P04637;TP53;9606;0.99;25144556 18223694 22254155 26330542 27807478 25543083 20618441 21268072 23134341 15001357 27775703 17666403 15911628 
P62988;UBA52;9606;P04637;TP53;9606;0.636;18359851 18695251 12640129 18413597 
P35354;PTGS2;9606;P04637;TP53;9606;0.96;21187340 16928824 19465063 11687965 15707991 
Q05086;UBE3A;9606;P04637;TP53;9606;0.998;8380895 11027293 1661671 9450543 26789255 29426014 23040663 16493710 7708685 7724550 9688277 12620801 19364824 8090726 17131388 
Q15672;TWIST1;9606;P04637;TP53;9606;0.972;18504427 22975381 25402006 
Q9H2X6;HIPK2;9606;P04637;TP53;9606;0.979;16212962 21057547 17349959 15896780 11740489 11925430 25313037 
Q8N726;CDKN2A;9606;P04637;TP53;9606;0.914;9724636 20395212 9653180 9529249 12640129 14612427 12446718 12740913 22653443 
Q12888;TP53BP1;9606;P04637;TP53;9606;0.997;20307547 15611139 12110597 22084066 11877378 8016121 26022179 22653443 12351827 15364958 14978302 27546791 
P29590;PML;9606;P04637;TP53;9606;0.991;12915590 21057547 22869143 15375079 20972456 11025664 14976551 16007146 11080164 25241761 
P0CG48;UBC;9606;P04637;TP53;9606;0.982;17170702 23606744 18388957 18566590 25168242 17568776 17268548 17290220 17139261 19098711 19536131 19798103 18309296 17159902 19619542 25471832 
Q96KQ4;PPP1R13B;9606;P62136;PPP1CA;9606;0.905;22321011 28330616 21998301 27880917 15231748 26186194 24366813 unassigned1304 
P63279;UBE2I;9606;P04637;TP53;9606;0.999;16122737 8921390 19684601 12565873 15327968 23202365 21829513 22214662 23772552 17060459 10562557 10788439 16442531 10380882 18624398 10961991 11853669 17709345 
Q13526;PIN1;9606;P04637;TP53;9606;0.99;17906639 12388558 12397362 21741598 21900206 
Q8WUF5;PPP1R13L;9606;P04637;TP53;9606;0.96;17906639 23623661 12524540 21513714 18275817 23443559 20840860 
Q96PM5;RCHY1;9606;P04637;TP53;9606;1;12654245 21791603 17568776 21988832 20452352 24367557 19043414 19483087 25116336 21084285 
Q8IWT3;CUL9;9606;P04637;TP53;9606;0.989;17229476 17332328 26186194 23443559 18230339 17380154 12526791 16875676 22653443 25609649 21487039 28514442 
P08047;SP1;9606;P04637;TP53;9606;0.995;15710382 18765668 15674334 9492043 21325822 8463313 9685344 16740634 12665570 23650532 19846904 15574328 20570896 
P78527;PRKDC;9606;P04637;TP53;9606;0.943;10608806 10713094 19918261 9679063 12756247 25362358 9744860 9363941 
P04637;TP53;9606;P03070;P03070;1891767;0.998;8388547 19008854 16951253 15068796 23320542 1321290 22810585 16003391 22810586 10226625 15310821 9050995 16611888 15254196 17612295 9807817 17662718 8344494 
Q13547;HDAC1;9606;P04637;TP53;9606;0.999;11313951 16959611 18765668 16107876 10521394 12426395 11099047 14976551 19303885 25241761 20633551 16697957 20075864 17827154 19011633 10777477 
Q14999;CUL7;9606;P04637;TP53;9606;0.997;16547496 17229476 17332328 28514442 26186194 23443559 16875676 17942889 22653443 25609649 17298945 
Q13625;TP53BP2;9606;P36873;PPP1CC;9606;0.976;25416956 23080069 21998301 21988832 28514442 27880917 26186194 24366813 28330616 21382349 18448430 
Q9UER7;DAXX;9606;P04637;TP53;9606;1;25241761 16845383 23038753 12954772 15364927 15339933 21482821 14557665 12482984 
Q93009;USP7;9606;P04637;TP53;9606;1;26460617 21170034 17268548 16474402 20713061 22653443 16402859 14506283 23388826 16845383 17525743 24462112 26238070 15916963 22084066 17380154 20816748 11923872 21845734 
Q92793;CREBBP;9606;P04637;TP53;9606;1;10551785 16537920 23908595 25451029 10196247 14722092 14759370 18753379 27618436 19166313 26976603 18485870 25314079 19880525 22084066 11782467 12154097 9194564 20962272 10823891 12426395 19805293 10848610 19357310 9288775 21390126 17434128 15632413 
Q13315;ATM;9606;P04637;TP53;9606;0.999;10713094 24469230 14744854 9843217 10744722 23907539 15790808 11459832 19965871 21383020 15159397 17409407 10864201 15064416 25086746 15632067 10608806 
Q09472;EP300;9606;P04637;TP53;9606;1;16782091 15664194 19217391 9744860 23307557 11907332 22731250 15965232 23329847 17438265 19234109 21187340 16928824 15337767 23728348 18391200 19805293 11359905 23870121 9194565 10518217 23402884 21471221 25156994 26625199 16024799 25753752 11782467 9194564 15295102 26229107 16537920 20234175 12501250 23010591 16959611 18243116 26302407 14759370 12690203 15186775 15542844 10490106 9891054 9288740 14612423 16543236 25288747 19218448 16678111 15509808 11070080 12162806 11433299 18612383 23796514 15558054 16611888 17906639 17977830 17452980 24157709 11804596 16135789 23880760 25867071 9809062 27818144 22074660 24821727 12724314 17189186 19339993 18485870 
P04637;TP53;9606;O15151;MDM4;9606;1;10827196 26148237 23028042 20705607 18485870 22266850 19153082 19521340 21925390 11223036 22374672 10608892 10075736 23946421 25825738 20515689 9226370 20724842 16024788 21088494 19432880 17301054 16227609 23671280 21075307 28514442 15604276 15916963 26186194 18677113 25464845 21965653 24127580 19075013 19305137 17875722 12370303 25609649 19255450 12874296 12393902 26876197 24659749 22807444 27114532 20174603 24445145 
P04637;TP53;9606;P04637;TP53;9606;1;20235143 27462439 16009130 25402006 8035799 20004160 22522597 18414054 19339993 25609649 24037342 21988832 24722987 19667193 19011633 17612295 21231916 11254385 17332328 25603536 14580323 21522129 20159469 18087040 22653443 21084564 22819825 15383276 16291740 20080206 
Q00987;MDM2;9606;P04637;TP53;9606;1;22262183 16905769 22301280 26203195 21584881 19153082 10321734 14704432 20542919 20047188 18566590 21887275 22948151 11278372 17908790 24361594 21317885 19411066 18604177 26540344 20124408 20080206 16579792 19160491 23261415 10488081 17989425 17875722 17098746 15824742 19255450 27031960 24659749 11046142 17159902 11351297 25277184 12612087 22487680 18172499 19568783 11486026 24643130 26908445 21084285 18467333 15313915 17380154 27282385 20235143 16866370 15908921 25103245 17268548 11112690 23609977 15064742 16023600 21726810 17302414 21925390 19597489 23252402 26475964 15210108 14559824 17056014 17347673 25241761 21572037 21261729 26882543 22227409 21986495 12897156 19590512 12690203 22737255 20639885 22807444 25384516 16432196 14517261 17297477 21561866 16159876 11178989 10347217 16173922 15558054 11697899 21088494 16845383 17301054 21071676 24314634 18234963 15604276 14612427 12208736 9809062 22124327 19188367 22389628 10827196 14499615 12529318 16964247 19085961 22032989 10640350 17318220 21149449 25624478 26238070 12842086 24240685 27215386 28223335 18981217 24488098 17848574 17310983 9724739 21132010 16870621 17139261 19098711 11713288 23671280 27543608 22084066 20588255 19332559 15295102 15550400 11285227 22331460 19166840 20659896 21478269 26001071 15848166 11572869 22085928 25362358 17426254 19305137 22083959 12552135 25609649 24462112 26876197 10722742 17616658 20174603 9363941 24621507 20962272 23370271 20694676 17116689 18223694 9450543 10435614 27807478 22391559 7926727 15950904 23880345 20847049 23134341 11597128 20479273 22653443 19941302 11431470 21084564 15154850 23246961 11562347 12620407 22588298 21454483 12915590 16624812 15058298 16751805 26883110 14702041 21471462 27129163 19483087 26556313 20959462 25739118 22411991 11714701 18485870 17936559 21060154 27308622 18332869 22266850 20484049 22525275 15933712 11223036 10608892 23201157 19656744 16107876 23572512 23728348 15013777 22575647 19071110 16861890 21465263 22474335 15280377 18541670 15144954 20657550 21098709 19106616 19303885 12167711 8058315 19411846 25313037 16414131 9271120 15053879 25417702 15094782 22157679 12381304 20234175 19857530 18813780 27893708 11744695 14741215 10196247 19033382 11094089 27811966 22920093 24127580 23150668 17470788 23826318 20591429 15542844 20570896 7686617 24567357 17666403 17363365 26350565 18309296 19837670 14671306 9582019 10980696 25168242 24842904 23802716 11070080 23946421 20837658 9824166 19081178 18665269 11925449 15122315 8875929 23443559 25637791 16215989 1614537 15001357 25512388 17591690 24200963 9529249 17525743 10561590 15308643 24926618 16547496 9278461 23169665 15242646 12944468 26673821 28082682 21988832 18815136 25543083 22659184 22374672 16212962 22975381 20173098 21750659 21268072 18316739 22819825 22912717 25156994 22444248 23776465 22318540 16331255 26578655 27462439 25312347 25464845 16595680 16857591 19816404 24980433 23776060 22103682 16055726 20660730 10562557 22366412 23318437 16152627 9131587 7689721 12426395 27336364 17290220 20708156 16678796 19357310 20591651 28514442 23483203 21316347 26186194 24998844 19223463 16338390 25954860 20395212 10766163 27106262 24413661 20705607 10889512 22916255 17369817 23402884 21075307 18061646 22510990 9223638 21965653 22266868 10681559 11709713 11839577 27856536 22914926 11384992 
Q9H6Z9;EGLN3;9606;P04637;TP53;9606;0.126;26972000 
Q9UBE0;SAE1;9606;P04637;TP53;9606;0.033;15327968 
Q9UBK2;PPARGC1A;9606;P04637;TP53;9606;0.569;22099309 
P04637;TP53;9606;F1D8N7;NR1A2;9606;0.033;8633054 
Q9UBZ9;REV1;9606;P04637;TP53;9606;0.21;25614517 
Q9UI36;DACH1;9606;P04637;TP53;9606;0.376;23798621 
Q9UII4;HERC5;9606;P04637;TP53;9606;0.21;25071020 
Q9UJW3;DNMT3L;9606;P04637;TP53;9606;0.183;24952347 
Q9UK39;CCRN4L;9606;O75414;NME6;9606;0.126;28514442 
Q9UK80;USP21;9606;P04637;TP53;9606;0.309;27561390 
Q9UKB1;FBXW11;9606;P04637;TP53;9606;0.126;25515538 
Q9UKG1;APPL1;9606;P04637;TP53;9606;0.286;25814554 
Q9H8V3;ECT2;9606;P04637;TP53;9606;0.126;22990118 
Q9UKV0;HDAC9;9606;P04637;TP53;9606;0.21;20947501 
Q9UL15;BAG5;9606;P04637;TP53;9606;0.623;25144556 27807478 
Q9UL18;AGO1;9606;P04637;TP53;9606;0.236;20308539 24778252 
Q9NPB6;PARD6A;9606;Q13625;TP53BP2;9606;0.126;26496610 
Q9ULC6;PADI1;9606;P04637;TP53;9606;0.286;25402006 
Q9NPJ6;MED4;9606;Q13625;TP53BP2;9606;0.126;25281560 
Q9UM11;FZR1;9606;P04637;TP53;9606;0.309;10922056 
Q9UM63;PLAGL1;9606;P04637;TP53;9606;0.309;11360197 
Q9UMS4;PRPF19;9606;Q13625;TP53BP2;9606;0.126;28514442 
Q9PST7;ZNF585B;8355;P04637;TP53;9606;0.454;18510931 
Q9QJ49;U14;32604;P04637;TP53;9606;0.21;26340541 
Q9QR71;ORF73;37296;P04637;TP53;9606;0.309;17069461 
Q9UN86;G3BP2;9606;P04637;TP53;9606;0.569;17297477 
Q9UNF1;MAGED2;9606;P04637;TP53;9606;0.309;17912449 23443559 
Q9UPU5;USP24;9606;P04637;TP53;9606;0.309;25578727 
Q9UPW0;FOXJ3;9606;P04637;TP53;9606;0.126;25609649 
Q9NQR1;SETD8;9606;P04637;TP53;9606;0.309;17707234 
P04637;TP53;9606;O00231;PSMD11;9606;0.286;16169070 
Q9UQR1;ZNF148;9606;P04637;TP53;9606;0.454;11416144 
Q9NR09;BIRC6;9606;P04637;TP53;9606;0.376;25196217 
Q9NR12;PDLIM7;9606;P04637;TP53;9606;0.569;21060154 
Q9NRM7;LATS2;9606;Q13625;TP53BP2;9606;0.126;24255178 
Q9HB09;BCL2L12;9606;P04637;TP53;9606;0.309;20837658 
Q9HBE1;PATZ1;9606;P04637;TP53;9606;0.659;24336083 25755280 
Q9NSC5;HOMER3;9606;P04637;TP53;9606;0.126;28514442 
Q9NVC6;MED17;9606;P04637;TP53;9606;0.309;10198638 
Q9NVN8;GNL3L;9606;P04637;TP53;9606;0.376;21132010 
Q9HCE1;MOV10;9606;Q96KQ4;PPP1R13B;9606;0.126;22658674 
P04637;TP53;9606;O14576;DYNC1I1;9606;0.21;16616141 
Q9HCE7;SMURF1;9606;P04637;TP53;9606;0.21;20484049 
Q9Y222;DMTF1;9606;P04637;TP53;9606;0.376;22331460 
Q9NX55;HYPK;9606;P04637;TP53;9606;0.126;23272104 
Q9Y297;BTRC;9606;P04637;TP53;9606;0.376;19196987 21521785 
Q9Y2B4;TP53TG5;9606;P05067;APP;9606;0.332;21244100 21832049 
Q9Y2B4;TP53TG5;9606;P49356;FNTB;9606;0.126;28514442 
Q9Y2B4;TP53TG5;9606;P61289;PSME3;9606;0.126;28514442 
Q9Y2B4;TP53TG5;9606;Q9GZU8;FAM192A;9606;0.126;28514442 
Q9Y4B6;VPRBP;9606;Q9Y2B4;TP53TG5;9606;0.126;28514442 
P04637;TP53;9606;O14867;BACH1;9606;0.569;19011633 
Q9HCI7;MSL2;9606;P04637;TP53;9606;0.569;19033443 
Q9HCK8;CHD8;9606;P04637;TP53;9606;0.21;19151705 
Q9NZJ0;DTL;9606;P04637;TP53;9606;0.21;16861890 
Q9Y4E8;USP15;9606;P04637;TP53;9606;0.376;27893708 
Q9Y5A7;NUB1;9606;P04637;TP53;9606;0.376;20101219 
P05109;S100A8;9606;P04637;TP53;9606;0.286;16169070 
Q9NRR4;DROSHA;9606;P04637;TP53;9606;0.21;24219989 
Q9NRG4;SMYD2;9606;P04637;TP53;9606;0.583;25609649 18065756 17108971 
Q9NVI7;ATAD3A;9606;P04637;TP53;9606;0.126;22653443 
Q9NS37;CREBZF;9606;P04637;TP53;9606;0.21;24200963 
Q9NTK5;OLA1;9606;P04637;TP53;9606;0.126;22653443 
P04637;TP53;9606;O14980;XPO1;9606;0.376;18952844 17268548 
P04637;TP53;9606;P04015;E2;10580;0.126;22761572 
Q9NZC9;SMARCAL1;9606;P04637;TP53;9606;0.126;22653443 
Q9NR11;ZNF302;9606;P04637;TP53;9606;0.309;18307271 
Q9NY65;TUBA8;9606;P04637;TP53;9606;0.126;25144556 
Q9NYK5;MRPL39;9606;P04637;TP53;9606;0.126;23443559 
Q9UKY1;ZHX1;9606;P04637;TP53;9606;0.183;15383276 
Q9P0U3;SENP1;9606;P04637;TP53;9606;0.21;19339993 
Q9NZN9;AIPL1;9606;P04637;TP53;9606;0.332;unassigned1312 27173435 
Q9HCM9;TRIM39;9606;P04637;TP53;9606;0.569;23213260 
Q9P2P5;HECW2;9606;P04637;TP53;9606;0.21;12890487 
P04637;TP53;9606;P04019;E6;10580;0.671;8207801 11907332 15175323 
Q9UBL6;CPNE7;9606;P04637;TP53;9606;0.126;23443559 
Q9UBB9;TFIP11;9606;P04637;TP53;9606;0.569;26460617 
Q9NP81;SARS2;9606;P04637;TP53;9606;0.126;22653443 
Q9UKJ3;GPATCH8;9606;P04637;TP53;9606;0.126;23443559 
Q9UFV9;DKFZP434J046;9606;P04637;TP53;9606;0.126;22653443 
Q9UKV8;AGO2;9606;P04637;TP53;9606;0.126;20308539 
Q9UJ04;TSPYL4;9606;P04637;TP53;9606;0.126;22653443 
Q9UHB6;LIMA1;9606;P04637;TP53;9606;0.126;25144556 
Q9UK53;ING1;9606;P04637;TP53;9606;0.507;19085961 12208736 9440695 
Q96KQ4;PPP1R13B;9606;O43255;SIAH2;9606;0.569;23644657 
Q9UKT5;FBXO4;9606;P04637;TP53;9606;0.21;19343786 
Q9UKN8;GTF3C4;9606;P04637;TP53;9606;0.126;23443559 
Q9UM54;MYO6;9606;P04637;TP53;9606;0.126;25144556 
P04637;TP53;9606;O43293;DAPK3;9606;0.309;15001356 
Q9Y3P9;RABGAP1;9606;P04637;TP53;9606;0.126;22653443 
Q9UNX3;RPL26L1;9606;P04637;TP53;9606;0.126;23443559 
Q9ULT8;HECTD1;9606;P04637;TP53;9606;0.126;23443559 
Q9ULV4;CORO1C;9606;P04637;TP53;9606;0.126;25144556 
O75414;NME6;9606;O43323;DHH;9606;0.126;28514442 
P05412;JUN;9606;P04637;TP53;9606;0.126;25609649 
Q9NZM5;GLTSCR2;9606;P04637;TP53;9606;0.569;22522597 
Q9Y3D9;MRPS23;9606;P04637;TP53;9606;0.126;23443559 
Q9WYW0;COBB;2336;P04637;TP53;9606;0.309;16905097 
P04637;TP53;9606;O43422;PRKRIR;9606;0.309;12384512 
Q9X365;Q9X365;1392;P04637;TP53;9606;0.126;20711500 
Q9Y294;ASF1A;9606;P04637;TP53;9606;0.126;20308539 
Q9Y399;MRPS2;9606;P04637;TP53;9606;0.126;23443559 
Q9Y2W1;THRAP3;9606;P04637;TP53;9606;0.126;25144556 
Q9Y2S7;POLDIP2;9606;P04637;TP53;9606;0.126;23443559 
Q9Y2Q9;MRPS28;9606;P04637;TP53;9606;0.126;23443559 
Q9Y4A5;TRRAP;9606;P04637;TP53;9606;0.623;18250150 12138177 
Q9Y676;MRPS18B;9606;P04637;TP53;9606;0.126;23443559 
Q9Y3T9;NOC2L;9606;P04637;TP53;9606;0.507;16322561 20959462 
Q9Y4B6;VPRBP;9606;P04637;TP53;9606;0.309;22184063 
Q9Y520;PRRC2C;9606;P04637;TP53;9606;0.126;23443559 
Q9Y618;NCOR2;9606;P04637;TP53;9606;0.794;24449765 
Q9Y5Q9;GTF3C3;9606;P04637;TP53;9606;0.126;23443559 
Q9Y6Q9;NCOA3;9606;P04637;TP53;9606;0.309;10551785 
P04637;TP53;9606;O15105;SMAD7;9606;0.21;17172861 
P04637;TP53;9606;O43593;HR;9606;0.376;27355563 
P17096;HMGA1;9606;P04637;TP53;9606;0.376;20335021 
P04637;TP53;9606;O15126;SCAMP1;9606;0.376;16713569 
P04637;TP53;9606;O43623;SNAI2;9606;0.21;23851495 
P20042;EIF2S2;9606;P04637;TP53;9606;0.286;16169070 
P20065;TMSB4X;10090;P04637;TP53;9606;0.183;16169070 
P20073;ANXA7;9606;P04637;TP53;9606;0.332;21900206 
Q13625;TP53BP2;9606;O43741;PRKAB2;9606;0.183;24722188 
P20248;CCNA2;9606;P04637;TP53;9606;0.309;10884347 
Q6ZU80;CEP128;9606;P04637;TP53;9606;0.126;26638075 
Q6ZU80;CEP128;9606;Q13625;TP53BP2;9606;0.126;26638075 
Q96KQ4;PPP1R13B;9606;Q6ZU80;CEP128;9606;0.126;26638075 
P20338;RAB4A;9606;P04637;TP53;9606;0.286;16169070 
P06400;RB1;9606;P04637;TP53;9606;0.454;20871633 8083962 
P06422;E2;10579;P04637;TP53;9606;0.126;22761572 
P06423;E2 {ECO:0000255|HAMAP-RULE:MF_04001};10586;P04637;TP53;9606;0.126;22761572 
P19544;WT1;9606;P04637;TP53;9606;0.454;8389468 9556563 
Q13625;TP53BP2;9606;P21246;PTN;9606;0.286;16169070 
P17386;E6;10585;P04637;TP53;9606;0.309;8207801 
Q96KQ4;PPP1R13B;9606;Q6VGT1;E4 {ECO:0000313|EMBL:AAW65532.1};28285;0.126;22810586 
Q76LV2;HSP90AA1;9913;P04637;TP53;9606;0.309;15358769 
Q77M19;P;132487;P04637;TP53;9606;0.126;21911578 
Q77UU1;Q77UU1;31552;P04637;TP53;9606;0.126;22761572 
O75414;NME6;9606;O60232;SSSCA1;9606;0.332;21988832 
Q96KQ4;PPP1R13B;9606;O60232;SSSCA1;9606;0.126;28514442 
P21673;SAT1;9606;P04637;TP53;9606;0.286;16169070 
P06790;E2;333761;P04637;TP53;9606;0.126;22761572 
P06921;E2 {ECO:0000255|HAMAP-RULE:MF_04001};333923;P04637;TP53;9606;0.126;22761572 
Q13625;TP53BP2;9606;O60308;CEP104;9606;0.126;26638075 
P04637;TP53;9606;O15391;YY2;9606;0.286;25402006 
P04637;TP53;9606;O60477;BRINP1;9606;0.21;25732823 
P04637;TP53;9606;O60481;ZIC3;9606;0.286;25402006 
P21980;TGM2;9606;P04637;TP53;9606;0.376;27031960 
P04637;TP53;9606;O60551;NMT2;9606;0.376;16530191 
P17844;DDX5;9606;P04637;TP53;9606;0.523;24219989 23443559 25144556 
P04637;TP53;9606;O60678;PRMT3;9606;0.126;21942715 
P04637;TP53;9606;O15524;SOCS1;9606;0.569;20005840 
P19338;NCL;9606;P04637;TP53;9606;0.858;26238070 22103682 12138209 
P17980;PSMC3;9606;P04637;TP53;9606;0.21;20479273 
Q7TSJ6;LATS2;10090;Q13625;TP53BP2;9606;0.081;24255178 
Q96KQ4;PPP1R13B;9606;Q7TSJ6;LATS2;10090;0.081;24255178 
P07948;LYN;9606;P04637;TP53;9606;0.376;12642697 
P04637;TP53;9606;P04489;P04489;28285;0.033;8633237 
P08069;IGF1R;9606;P04637;TP53;9606;0.21;19165858 
P08107;HSPA1B;9606;P04637;TP53;9606;0.126;25241761 
P08138;NGFR;9606;P04637;TP53;9606;0.569;27282385 
Q6P5F9;XPO1;10090;P04637;TP53;9606;0.21;18952844 
P08238;HSP90AB1;9606;P04637;TP53;9606;0.236;22939624 23443559 
P23297;S100A1;9606;P04637;TP53;9606;0.523;20591429 
Q7Z4N8;P4HA3;9606;Q13625;TP53BP2;9606;0.126;28514442 
P08559;PDHA1;9606;P04637;TP53;9606;0.126;29128334 
P18146;EGR1;9606;P04637;TP53;9606;0.702;21325822 11251186 14744935 15225550 
P04637;TP53;9606;O75150;RNF40;9606;0.236;19410543 
P04637;TP53;9606;O75164;KDM4A;9606;0.21;23871696 
Q7Z7E8;UBE2Q1;9606;P04637;TP53;9606;0.569;25987028 
Q6VAB6;KSR2;9606;P04637;TP53;9606;0.126;27086506 
P19447;ERCC3;9606;P04637;TP53;9606;0.82;12379483 7663514 8612585 
P05067;APP;9606;O75414;NME6;9606;0.183;21832049 
P04637;TP53;9606;O75469;NR1I2;9606;0.21;23536728 
Q96KQ4;PPP1R13B;9606;O75525;KHDRBS3;9606;0.309;16474851 
P04637;TP53;9606;O75665;OFD1;9606;0.126;26638075 
Q81RG7;Q81RG7;1392;P04637;TP53;9606;0.126;20711500 
Q96KQ4;PPP1R13B;9606;P25054;APC;9606;0.286;20936779 
P09884;POLA1;9606;P04637;TP53;9606;0.21;11917009 
Q81ZG1;LIGA;1392;Q13625;TP53BP2;9606;0.126;20711500 
P09936;UCHL1;9606;P04637;TP53;9606;0.376;20395212 18666234 
P25208;NFYB;9606;P04637;TP53;9606;0.61;15831478 16959611 
P0DP91;CSB-PGBD3 {ECO:0000303|PUBMED:18369450};9606;P04637;TP53;9606;0.765;22032989 10882116 7663514 
P04637;TP53;9606;O60488;ACSL4;9606;0.126;23443559 
P12429;ANXA3;9606;P04637;TP53;9606;0.286;16169070 
Q9H7Z6;KAT8;9606;P04637;TP53;9606;0.74;16601686 15960975 19854137 17189187 
P62990;UBA52;9913;P04637;TP53;9606;0.21;20705607 
P04637;TP53;9606;O14744;PRMT5;9606;0.126;25144556 
P04637;TP53;9606;B2R6D7;B2R6D7;9606;0.126;22653443 
P04637;TP53;9606;A6NJU9;A6NJU9;9606;0.126;20308539 
P04637;TP53;9606;B2R5M9;B2R5M9;9606;0.126;22653443 
P04637;TP53;9606;O00159;MYO1C;9606;0.126;25144556 
P04637;TP53;9606;B4DVN3;MAEA;9606;0.126;22653443 
P04637;TP53;9606;J3KN53;J3KN53;9606;0.126;25609649 
P04637;TP53;9606;O00571;DDX3X;9606;0.126;25144556 
P04637;TP53;9606;O00255;MEN1;9606;0.309;15960975 
P04637;TP53;9606;O00425;IGF2BP3;9606;0.126;23443559 
P04637;TP53;9606;O14737;PDCD5;9606;0.702;22914926 25499082 
P04637;TP53;9606;O00746;NME4;9606;0.126;25144556 
P04637;TP53;9606;O14654;IRS4;9606;0.126;23443559 
P04637;TP53;9606;O60343;TBC1D4;9606;0.126;23443559 
P04637;TP53;9606;O14974;PPP1R12A;9606;0.126;25144556 
P04637;TP53;9606;O15111;CHUK;9606;0.21;17434128 
P04637;TP53;9606;O15355;PPM1G;9606;0.126;22653443 
P04637;TP53;9606;O15164;TRIM24;9606;0.61;19556538 22389628 24820418 
P04637;TP53;9606;O15350;TP73;9606;0.569;25417702 21508668 9802988 
P04637;TP53;9606;O15205;UBD;9606;0.21;21396347 
P04637;TP53;9606;O15304;SIVA1;9606;0.507;19590512 25431847 
P04637;TP53;9606;O43257;ZNHIT1;9606;0.309;17380123 
P04637;TP53;9606;O43189;PHF1;9606;0.569;18385154 27705803 23150668 
P04637;TP53;9606;O15550;KDM6A;9606;0.21;24078252 
P04637;TP53;9606;O43837;IDH3B;9606;0.126;23443559 
P04637;TP53;9606;O43504;LAMTOR5;9606;0.569;26229107 
P04637;TP53;9606;O43261;DLEU1;9606;0.126;16169070 
P04637;TP53;9606;O43290;SART1;9606;0.126;23443559 
P04637;TP53;9606;O43819;SCO2;9606;0.126;23443559 
P04637;TP53;9606;O43715;TRIAP1;9606;0.21;15735003 
P04637;TP53;9606;O60573;EIF4E2;9606;0.126;23443559 
P04637;TP53;9606;O60568;PLOD3;9606;0.126;22653443 
P04637;TP53;9606;O75478;TADA2A;9606;0.21;18250150 
P04637;TP53;9606;O96019;ACTL6A;9606;0.376;17878219 
P04637;TP53;9606;O60675;MAFK;9606;0.21;19011633 
P04637;TP53;9606;O60841;EIF5B;9606;0.126;25144556 
P04637;TP53;9606;O75460;ERN1;9606;0.21;26254280 
P04637;TP53;9606;O60763;USO1;9606;0.21;21147777 
P04637;TP53;9606;O60783;MRPS14;9606;0.126;23443559 
P04637;TP53;9606;O60884;DNAJA2;9606;0.126;23443559 
P04637;TP53;9606;O75340;PDCD6;9606;0.126;23443559 
P04637;TP53;9606;O75190;DNAJB6;9606;0.126;20308539 
P04637;TP53;9606;O75832;PSMD10;9606;0.21;16023600 
P04637;TP53;9606;O75486;SUPT3H;9606;0.21;18250150 
P04637;TP53;9606;O75529;TAF5L;9606;0.21;18250150 
P04637;TP53;9606;O94952;FBXO21;9606;0.126;23443559 
P04637;TP53;9606;O95997;PTTG1;9606;0.702;12355087 19117984 
P04637;TP53;9606;O94864;SUPT7L;9606;0.21;18250150 
P04637;TP53;9606;O75970;MPDZ;9606;0.236;22653443 
P04637;TP53;9606;O88898;TP63;10090;0.507;22575646 19345189 
P04637;TP53;9606;O94992;HEXIM1;9606;0.376;22948151 
P04637;TP53;9606;O95229;ZWINT;9606;0.126;23443559 
P04637;TP53;9606;O95905;ECD;9606;0.21;23880345 
P04637;TP53;9606;O95571;ETHE1;9606;0.376;17353187 
P05549;TFAP2A;9606;P04637;TP53;9606;0.671;12226108 
P11766;ADH5;9606;P04637;TP53;9606;0.126;20308539 
P04637;TP53;9606;P02794;FTH1;9606;0.126;23443559 
P04637;TP53;9606;P01019;AGT;9606;0.309;22416758 
P04637;TP53;9606;P00491;PNP;9606;0.286;16169070 
P04637;TP53;9606;P02786;TFRC;9606;0.126;23443559 
P04637;TP53;9606;P02511;CRYAB;9606;0.376;19343786 19799611 
P04637;TP53;9606;P02545;LMNA;9606;0.236;29568061 25144556 
P04637;TP53;9606;P04406;GAPDH;9606;0.21;18552833 
P05387;RPLP2;9606;P04637;TP53;9606;0.126;23443559 
P04637;TP53;9606;P04183;TK1;9606;0.523;21900206 16169070 
P04637;TP53;9606;P03950;ANG;9606;0.376;22266868 
P04637;TP53;9606;P04608;TAT;11676;0.309;12501250 
P05141;SLC25A5;9606;P04637;TP53;9606;0.126;25144556 
P07355;ANXA2;9606;P04637;TP53;9606;0.309;9315650 
P06396;GSN;9606;P04637;TP53;9606;0.126;25144556 
P08670;VIM;9606;P04637;TP53;9606;0.126;25144556 
P06753;TPM3;9606;P04637;TP53;9606;0.126;25144556 
P07384;CAPN1;9606;P04637;TP53;9606;0.126;23443559 
P0A6Y8;DNAK;83333;P04637;TP53;9606;0.309;20153329 
P09496;CLTA;9606;P04637;TP53;9606;0.126;25144556 
P09493;TPM1;9606;P04637;TP53;9606;0.126;25144556 
P09497;CLTB;9606;P04637;TP53;9606;0.126;25144556 
P10809;HSPD1;9606;P04637;TP53;9606;0.21;22726440 
P39023;RPL3;9606;P04637;TP53;9606;0.126;23443559 
P14921;ETS1;9606;P04637;TP53;9606;0.61;18374905 24857950 14586398 
P14866;HNRNPL;9606;P04637;TP53;9606;0.126;25144556 
P12956;XRCC6;9606;P04637;TP53;9606;0.376;15782130 
P13497;BMP1;9606;P04637;TP53;9606;0.332;18624398 
P15735;PHKG2;9606;P04637;TP53;9606;0.126;23443559 
P16104;H2AFX;9606;P04637;TP53;9606;0.376;16322227 
P15036;ETS2;9606;P04637;TP53;9606;0.507;18374905 26871468 
P15941;MUC1;9606;P04637;TP53;9606;0.523;15710329 
P15884;TCF4;9606;P04637;TP53;9606;0.454;25609649 25402006 
P19784;CSNK2A2;9606;P04637;TP53;9606;0.126;22653443 
P17028;ZNF24;9606;P04637;TP53;9606;0.286;16169070 
P17066;HSPA6;9606;P04637;TP53;9606;0.126;25144556 
P17676;CEBPB;9606;P04637;TP53;9606;0.454;16227626 
P18124;RPL7;9606;P04637;TP53;9606;0.126;23443559 
P10275;AR;9606;P04637;TP53;9606;0.309;19481544 
P22314;UBA1;9606;P04637;TP53;9606;0.033;29187402 
P21333;FLNA;9606;P04637;TP53;9606;0.126;25144556 
P27695;APEX1;9606;P04637;TP53;9606;0.376;9119221 15824742 
P21675;TAF1;9606;P04637;TP53;9606;0.659;10359315 15053879 
P22087;FBL;9606;P04637;TP53;9606;0.126;23443559 
P39019;RPS19;9606;P04637;TP53;9606;0.126;25144556 
P22061;PCMT1;9606;P04637;TP53;9606;0.126;23443559 
P24844;MYL9;9606;P04637;TP53;9606;0.126;20308539 
P22626;HNRNPA2B1;9606;P04637;TP53;9606;0.126;23443559 
P23258;TUBG1;9606;P04637;TP53;9606;0.126;23443559 
P24385;CCND1;9606;P04637;TP53;9606;0.21;27129163 
P25705;ATP5A1;9606;P04637;TP53;9606;0.126;23443559 
P27348;YWHAQ;9606;P04637;TP53;9606;0.126;22653443 
P26373;RPL13;9606;P04637;TP53;9606;0.126;23443559 
P31943;HNRNPH1;9606;P04637;TP53;9606;0.126;23443559 
P27708;CAD;9606;P04637;TP53;9606;0.126;23443559 
P29034;S100A2;9606;P04637;TP53;9606;0.523;20591429 
P30050;RPL12;9606;P04637;TP53;9606;0.126;23443559 
P35249;RFC4;9606;P04637;TP53;9606;0.126;23443559 
P35544;FAU;9606;P04637;TP53;9606;0.126;23443559 
P36578;RPL4;9606;P04637;TP53;9606;0.309;23443559 26908445 
P35579;MYH9;9606;P04637;TP53;9606;0.126;25144556 
P36405;ARL3;9606;P04637;TP53;9606;0.286;16169070 
P42677;RPS27;9606;P04637;TP53;9606;0.126;23443559 
P40121;CAPG;9606;P04637;TP53;9606;0.309;18307271 
P62979;RPS27A;9606;P04637;TP53;9606;0.309;22653443 21561866 
P40337;VHL;9606;P04637;TP53;9606;0.623;16678111 21942715 
P42226;STAT6;9606;P04637;TP53;9606;0.309;20121258 
P41182;BCL6;9606;P04637;TP53;9606;0.286;25402006 
P40925;MDH1;9606;P04637;TP53;9606;0.623;19229245 
P40938;RFC3;9606;P04637;TP53;9606;0.126;23443559 
P42773;CDKN2C;9606;P04637;TP53;9606;0.286;16169070 
P46019;PHKA2;9606;P04637;TP53;9606;0.126;23443559 
P46781;RPS9;9606;P04637;TP53;9606;0.126;23443559 
P45983;MAPK8;9606;P04637;TP53;9606;0.958;15538975 18813780 9732264 19651615 15580310 9724739 9393873 11108663 12514174 
P45481;CREBBP;10090;P04637;TP53;9606;0.583;19651603 18485870 
P46779;RPL28;9606;P04637;TP53;9606;0.126;25144556 
P46379;BAG6;9606;P04637;TP53;9606;0.126;22653443 
P46778;RPL21;9606;P04637;TP53;9606;0.126;23443559 
P48634;PRRC2A;9606;P04637;TP53;9606;0.126;23443559 
P47811;MAPK14;10090;P04637;TP53;9606;0.21;21050851 
P46940;IQGAP1;9606;P04637;TP53;9606;0.126;23443559 
P47756;CAPZB;9606;P04637;TP53;9606;0.126;25144556 
P49674;CSNK1E;9606;P04637;TP53;9606;0.196;25241761 
P49336;CDK8;9606;P04637;TP53;9606;0.309;10024883 
P49902;NT5C2;9606;P04637;TP53;9606;0.126;22653443 
P49888;SULT1E1;9606;P04637;TP53;9606;0.286;16169070 
P50453;SERPINB9;9606;P04637;TP53;9606;0.286;16169070 
P49915;GMPS;9606;P04637;TP53;9606;0.376;24462112 
P49918;CDKN1C;9606;P04637;TP53;9606;0.21;12665691 
P50914;RPL14;9606;P04637;TP53;9606;0.126;23443559 
P50613;CDK7;9606;P04637;TP53;9606;0.74;9372954 9315650 9840937 
P50552;VASP;9606;P04637;TP53;9606;0.126;23443559 
P51965;UBE2E1;9606;P04637;TP53;9606;0.033;29187402 
P51946;CCNH;9606;P04637;TP53;9606;0.454;9840937 
P51959;CCNG1;9606;P04637;TP53;9606;0.569;12642871 12556559 
P54652;HSPA2;9606;P04637;TP53;9606;0.126;25144556 
P61962;DCAF7;9606;P04637;TP53;9606;0.126;23443559 
P54252;ATXN3;9606;P04637;TP53;9606;0.74;27851749 
P52701;MSH6;9606;P04637;TP53;9606;0.21;15064730 
P52597;HNRNPF;9606;P04637;TP53;9606;0.126;23443559 
P53355;DAPK1;9606;P04637;TP53;9606;0.376;17339337 
P53779;MAPK10;9606;P04637;TP53;9606;0.21;9393873 
P61626;LYZ;9606;P04637;TP53;9606;0.126;25144556 
P55083;MFAP4;9606;P04637;TP53;9606;0.126;23443559 
P55036;PSMD4;9606;P04637;TP53;9606;0.21;20479273 
P55072;VCP;9606;P04637;TP53;9606;0.236;23383273 23443559 
P55774;CCL18;9606;P04637;TP53;9606;0.286;16169070 
P55084;HADHB;9606;P04637;TP53;9606;0.126;25144556 
P55209;NAP1L1;9606;P04637;TP53;9606;0.523;14966293 
P61254;RPL26;9606;P04637;TP53;9606;0.309;20542919 23443559 
P60510;PPP4C;9606;P04637;TP53;9606;0.309;9837938 
P60953;CDC42;9606;P04637;TP53;9606;0.286;16169070 
P61313;RPL15;9606;P04637;TP53;9606;0.126;23443559 
P61513;RPL37A;9606;P04637;TP53;9606;0.126;23443559 
P62906;RPL10A;9606;P04637;TP53;9606;0.126;23443559 
P62195;PSMC5;9606;P04637;TP53;9606;0.702;17224908 20479273 
P62701;RPS4X;9606;P04637;TP53;9606;0.126;25144556 
P62191;PSMC1;9606;P04637;TP53;9606;0.126;22653443 
P62081;RPS7;9606;P04637;TP53;9606;0.454;17310983 23443559 19683495 
P62136;PPP1CA;9606;P04637;TP53;9606;0.332;15231748 
P62328;TMSB4X;9606;P04637;TP53;9606;0.126;16169070 
P62263;RPS14;9606;P04637;TP53;9606;0.126;23443559 
P62241;RPS8;9606;P04637;TP53;9606;0.126;23443559 
P62249;RPS16;9606;P04637;TP53;9606;0.126;25144556 
P62318;SNRPD3;9606;P04637;TP53;9606;0.126;23443559 
P62269;RPS18;9606;P04637;TP53;9606;0.126;25144556 
P62277;RPS13;9606;P04637;TP53;9606;0.126;25144556 
P62851;RPS25;9606;P04637;TP53;9606;0.126;23443559 
P62750;RPL23A;9606;P04637;TP53;9606;0.126;23443559 
P62736;ACTA2;9606;P04637;TP53;9606;0.126;23443559 
P62847;RPS24;9606;P04637;TP53;9606;0.126;23443559 
P62753;RPS6;9606;P04637;TP53;9606;0.126;23443559 
P62841;RPS15;9606;P04637;TP53;9606;0.126;23443559 
P62854;RPS26;9606;P04637;TP53;9606;0.309;23728348 23443559 
P62879;GNB2;9606;P04637;TP53;9606;0.126;25144556 
P62888;RPL30;9606;P04637;TP53;9606;0.126;23443559 
P62899;RPL31;9606;P04637;TP53;9606;0.126;23443559 
Q9H6S0;YTHDC2;9606;P04637;TP53;9606;0.126;22653443 
P63098;PPP3R1;9606;P04637;TP53;9606;0.126;23443559 
P68371;TUBB4B;9606;P04637;TP53;9606;0.126;23443559 
Q15746;MYLK;9606;P04637;TP53;9606;0.126;25144556 
Q12772;SREBF2;9606;P04637;TP53;9606;0.507;22265415 
P62993;GRB2;9606;P04637;TP53;9606;0.126;22653443 
P62991;UBA52;10090;P04637;TP53;9606;0.21;17936560 
P63146;UBE2B;9606;P04637;TP53;9606;0.376;22083959 
P68366;TUBA4A;9606;P04637;TP53;9606;0.126;23443559 
P63162;SNRPN;9606;P04637;TP53;9606;0.286;16169070 
P68104;EEF1A1;9606;P04637;TP53;9606;0.126;23443559 
P67936;TPM4;9606;P04637;TP53;9606;0.126;25144556 
P67870;CSNK2B;9606;P04637;TP53;9606;0.309;21675959 
P68871;HBB;9606;P04637;TP53;9606;0.21;12665691 
P69723;VIF;11676;P04637;TP53;9606;0.454;21071676 
P83731;RPL24;9606;P04637;TP53;9606;0.126;23443559 
P69722;VIF;11676;P04637;TP53;9606;0.454;21071676 
P69721;VIF;11676;P04637;TP53;9606;0.454;21071676 
P69720;VIF;11676;P04637;TP53;9606;0.454;21071676 
P78347;GTF2I;9606;P04637;TP53;9606;0.126;25144556 
P70398;USP9X;10090;P04637;TP53;9606;0.126;22653443 
P82933;MRPS9;9606;P04637;TP53;9606;0.126;23443559 
P78406;RAE1;9606;P04637;TP53;9606;0.126;23443559 
P82675;MRPS5;9606;P04637;TP53;9606;0.126;23443559 
P82663;MRPS25;9606;P04637;TP53;9606;0.126;23443559 
P84098;RPL19;9606;P04637;TP53;9606;0.126;23443559 
Q00839;HNRNPU;9606;P04637;TP53;9606;0.126;23443559 
Q03013;GSTM4;9606;P04637;TP53;9606;0.286;16169070 
P84074;HPCA;9606;P04637;TP53;9606;0.126;23443559 
P84090;ERH;9606;P04637;TP53;9606;0.286;16169070 
P98179;RBM3;9606;P04637;TP53;9606;0.126;25144556 
Q00688;FKBP3;9606;P04637;TP53;9606;0.21;19166840 
Q00610;CLTC;9606;P04637;TP53;9606;0.126;25144556 
Q02108;GUCY1A3;9606;P04637;TP53;9606;0.376;24725084 
Q02952;AKAP12;9606;P04637;TP53;9606;0.126;23443559 
Q01831;XPC;9606;P04637;TP53;9606;0.21;24258024 
Q01484;ANK2;9606;P04637;TP53;9606;0.286;20195357 
Q02543;RPL18A;9606;P04637;TP53;9606;0.126;23443559 
Q02878;RPL6;9606;P04637;TP53;9606;0.126;23443559 
Q04206;RELA;9606;P04637;TP53;9606;0.376;17434128 
Q05682;CALD1;9606;P04637;TP53;9606;0.126;25144556 
Q09028;RBBP4;9606;P04637;TP53;9606;0.126;23443559 
Q07020;RPL18;9606;P04637;TP53;9606;0.126;23443559 
Q06330;RBPJ;9606;P04637;TP53;9606;0.569;26302407 
Q08209;PPP3CA;9606;P04637;TP53;9606;0.126;23443559 
Q07065;CKAP4;9606;P04637;TP53;9606;0.126;25144556 
Q07812;BAX;9606;P04637;TP53;9606;0.196;25241761 
Q07666;KHDRBS1;9606;P04637;TP53;9606;0.126;22653443 
Q07912;TNK2;9606;P04637;TP53;9606;0.21;23402884 
Q07820;MCL1;9606;P04637;TP53;9606;0.454;24491548 27818144 
Q13200;PSMD2;9606;P04637;TP53;9606;0.126;22653443 
Q12962;TAF10;9606;P04637;TP53;9606;0.21;18250150 
Q13043;STK4;9606;P04637;TP53;9606;0.196;25241761 
Q15714;TSC22D1;9606;P04637;TP53;9606;0.454;22870275 
Q12979;ABR;9606;P04637;TP53;9606;0.126;23443559 
Q12980;NPRL3;9606;P04637;TP53;9606;0.126;20308539 
Q13049;TRIM32;9606;P04637;TP53;9606;0.376;25146927 
Q13077;TRAF1;9606;P04637;TP53;9606;0.126;22653443 
Q13190;STX5;9606;P04637;TP53;9606;0.286;16169070 
Q13164;MAPK7;9606;P04637;TP53;9606;0.376;22869143 
Q13105;ZBTB17;9606;P04637;TP53;9606;0.507;19901969 21804610 
Q13509;TUBB3;9606;P04637;TP53;9606;0.126;22653443 
Q13263;TRIM28;9606;P04637;TP53;9606;0.569;20858735 20864041 17056014 
Q13216;ERCC8;9606;P04637;TP53;9606;0.376;22032989 
Q13247;SRSF6;9606;P04637;TP53;9606;0.126;25144556 
Q13503;MED21;9606;P04637;TP53;9606;0.309;10024883 
Q13363;CTBP1;9606;P04637;TP53;9606;0.376;18765668 
Q13435;SF3B2;9606;P04637;TP53;9606;0.126;23443559 
Q13472;TOP3A;9606;P04637;TP53;9606;0.126;22653443 
Q13535;ATR;9606;P04637;TP53;9606;0.92;15159397 10608806 20798688 11459832 10435622 15775976 16293623 
Q14498;RBM39;9606;P04637;TP53;9606;0.126;25144556 
Q13573;SNW1;9606;P04637;TP53;9606;0.126;23443559 
Q13950;RUNX2;9606;P04637;TP53;9606;0.376;23618908 
Q13724;MOGS;9606;P04637;TP53;9606;0.126;23443559 
Q14257;RCN2;9606;P04637;TP53;9606;0.126;23443559 
Q13887;KLF5;9606;P04637;TP53;9606;0.376;16595680 
Q14061;COX17;9606;P04637;TP53;9606;0.286;16169070 
Q14790;CASP8;9606;P04637;TP53;9606;0.376;17290218 
Q15102;PAFAH1B3;9606;P04637;TP53;9606;0.286;16169070 
Q14684;RRP1B;9606;P04637;TP53;9606;0.126;23443559 
Q15013;MAD2L1BP;9606;P04637;TP53;9606;0.286;16169070 
Q15008;PSMD6;9606;P04637;TP53;9606;0.21;24258024 
Q15024;EXOSC7;9606;P04637;TP53;9606;0.126;23443559 
Q15573;TAF1A;9606;P04637;TP53;9606;0.309;10913176 
Q15181;PPA1;9606;P04637;TP53;9606;0.286;16169070 
Q15170;TCEAL1;9606;P04637;TP53;9606;0.126;26186194 
Q15365;PCBP1;9606;P04637;TP53;9606;0.126;23443559 
Q15572;TAF1C;9606;P04637;TP53;9606;0.309;10913176 
Q15542;TAF5;9606;P04637;TP53;9606;0.21;15053879 
Q15843;NEDD8;9606;P04637;TP53;9606;0.126;22653443 
Q15759;MAPK11;9606;P04637;TP53;9606;0.065;17254968 
Q53ET0;CRTC2;9606;P04637;TP53;9606;0.126;23443559 
Q15831;STK11;9606;P04637;TP53;9606;0.21;11430832 
Q15797;SMAD1;9606;P04637;TP53;9606;0.376;22588298 
Q9H4B4;PLK3;9606;P04637;TP53;9606;0.702;12242661 11551930 
Q6EMB2;TTLL5;9606;P04637;TP53;9606;0.126;20308539 
Q8TDN4;CABLES1;9606;P04637;TP53;9606;0.376;14637168 11706030 
Q16576;RBBP7;9606;P04637;TP53;9606;0.126;23443559 
Q16401;PSMD5;9606;P04637;TP53;9606;0.126;22653443 
Q16531;DDB1;9606;P04637;TP53;9606;0.126;23443559 
Q16637;SMN2;9606;P04637;TP53;9606;0.636;11704667 21900206 
Q3ZCQ8;TIMM50;9606;P04637;TP53;9606;0.126;23443559 
Q16643;DBN1;9606;P04637;TP53;9606;0.126;25144556 
Q16666;IFI16;9606;P04637;TP53;9606;0.21;11146555 
Q3YEC7;RABL6;9606;P04637;TP53;9606;0.376;23572512 
Q2M296;MTHFSD;9606;P04637;TP53;9606;0.126;20308539 
Q6B0I6;KDM4D;9606;P04637;TP53;9606;0.569;22514644 
Q5T4S7;UBR4;9606;P04637;TP53;9606;0.126;23443559 
Q5SRQ6;CSNK2B;9606;P04637;TP53;9606;0.126;22653443 
Q53EZ4;CEP55;9606;P04637;TP53;9606;0.126;23443559 
Q53H96;PYCRL;9606;P04637;TP53;9606;0.126;22653443 
Q587J7;TDRD12;9606;P04637;TP53;9606;0.126;22653443 
Q53T94;TAF1B;9606;P04637;TP53;9606;0.309;10913176 
Q562R1;ACTBL2;9606;P04637;TP53;9606;0.126;25144556 
Q68DV7;RNF43;9606;P04637;TP53;9606;0.376;21108931 
Q5T9A4;ATAD3B;9606;P04637;TP53;9606;0.126;22653443 
Q5VWQ8;DAB2IP;9606;P04637;TP53;9606;0.126;20308539 
Q5U5Z8;AGBL2;9606;P04637;TP53;9606;0.126;20308539 
Q5VV17;OTUD1;9606;P04637;TP53;9606;0.376;28216291 
Q60520;SIN3A;10090;P04637;TP53;9606;0.376;11313951 
Q62432;SMAD2;10090;P04637;TP53;9606;0.21;19345189 
Q8TD20;SLC2A12;9606;P04637;TP53;9606;0.126;23443559 
Q8IWR1;TRIM59;9606;P04637;TP53;9606;0.376;25046164 
Q6PCD5;RFWD3;9606;P04637;TP53;9606;0.569;20173098 
Q7Z392;TRAPPC11;9606;P04637;TP53;9606;0.126;20308539 
Q6P3S6;FBXO42;9606;P04637;TP53;9606;0.702;19509332 
Q6GPH4;XAF1;9606;P04637;TP53;9606;0.569;25313037 
Q6NZ67;MZT2B;9606;P04637;TP53;9606;0.126;23443559 
Q7L0Y3;TRMT10C;9606;P04637;TP53;9606;0.126;23443559 
Q6Y7W6;GIGYF2;9606;P04637;TP53;9606;0.126;23443559 
Q6PJ69;TRIM65;9606;P04637;TP53;9606;0.21;27012201 
Q71U36;TUBA1A;9606;P04637;TP53;9606;0.126;23443559 
Q7KZ85;SUPT6H;9606;P04637;TP53;9606;0.126;23443559 
Q7Z4G4;TRMT11;9606;P04637;TP53;9606;0.126;20308539 
Q8IW41;MAPKAPK5;9606;P04637;TP53;9606;0.332;17254968 
Q8BUN5;SMAD3;10090;P04637;TP53;9606;0.21;19345189 
Q86V81;ALYREF;9606;P04637;TP53;9606;0.126;25144556 
Q86W92;PPFIBP1;9606;P04637;TP53;9606;0.126;23443559 
Q86X55;CARM1;9606;P04637;TP53;9606;0.309;15186775 
Q86Z02;HIPK1;9606;P04637;TP53;9606;0.794;12702766 
Q8TBK6;ZCCHC10;9606;P04637;TP53;9606;0.286;16169070 
Q8IZT6;ASPM;9606;P04637;TP53;9606;0.126;20308539 
Q8IXM3;MRPL41;9606;P04637;TP53;9606;0.126;23443559 
Q8IY67;RAVER1;9606;P04637;TP53;9606;0.126;23443559 
Q8N6N5;TUBB2C;9606;P04637;TP53;9606;0.126;22653443 
Q8N2W9;PIAS4;9606;P04637;TP53;9606;0.554;11388671 15383276 
Q8N3R9;MPP5;9606;P04637;TP53;9606;0.126;22653443 
Q8N5Z5;KCTD17;9606;P04637;TP53;9606;0.126;25144556 
Q8N488;RYBP;9606;P04637;TP53;9606;0.692;19098711 
Q8NBJ5;COLGALT1;9606;P04637;TP53;9606;0.126;22653443 
Q8TAT5;NEIL3;9606;P04637;TP53;9606;0.286;25402006 
Q8N8S7;ENAH;9606;P04637;TP53;9606;0.126;23443559 
Q8NA92;THAP8;9606;P04637;TP53;9606;0.286;16169070 
Q8NDX9;LY6G5B;9606;P04637;TP53;9606;0.126;23443559 
Q8NBN7;RDH13;9606;P04637;TP53;9606;0.126;23443559 
Q8ND56;LSM14A;9606;P04637;TP53;9606;0.126;25144556 
Q8NFQ8;TOR1AIP2;9606;P04637;TP53;9606;0.126;23443559 
Q8TEW0;PARD3;9606;P04637;TP53;9606;0.236;22653443 
Q8ZHG0;AGUA;632;P04637;TP53;9606;0.126;20711500 
Q96BD6;SPSB1;9606;P04637;TP53;9606;0.126;20308539 
Q8WWV6;FCAMR;9606;P04637;TP53;9606;0.332;21988832 
Q8WVJ9;TWIST2;9606;P04637;TP53;9606;0.21;22975381 
Q9H496;TOR1AIP2;9606;P04637;TP53;9606;0.126;23443559 
Q92481;TFAP2B;9606;P04637;TP53;9606;0.21;20159018 
Q92759;GTF2H4;9606;P04637;TP53;9606;0.309;8612585 
Q92552;MRPS27;9606;P04637;TP53;9606;0.126;23443559 
Q92754;TFAP2C;9606;P04637;TP53;9606;0.309;12226108 
Q92830;KAT2A;9606;P04637;TP53;9606;0.21;18250150 
Q96B26;EXOSC8;9606;P04637;TP53;9606;0.126;23443559 
Q92985;IRF7;9606;P04637;TP53;9606;0.309;18307271 
Q92925;SMARCD2;9606;P04637;TP53;9606;0.126;20308539 
Q92994;BRF1;9606;P04637;TP53;9606;0.21;8943363 
Q93100;PHKB;9606;P04637;TP53;9606;0.126;23443559 
Q96AH0;NABP1;9606;P04637;TP53;9606;0.286;25402006 
Q96A35;MRPL24;9606;P04637;TP53;9606;0.126;23443559 
Q969P6;TOP1MT;9606;P04637;TP53;9606;0.286;25402006 
Q96PE2;ARHGEF17;9606;P04637;TP53;9606;0.126;23443559 
Q96EY7;PTCD3;9606;P04637;TP53;9606;0.126;23443559 
Q96DH6;MSI2;9606;P04637;TP53;9606;0.21;28223335 
Q96DF8;DGCR14;9606;P04637;TP53;9606;0.126;23443559 
Q96BN2;TADA1;9606;P04637;TP53;9606;0.21;18250150 
Q96BR9;ZBTB8A;9606;P04637;TP53;9606;0.569;23329847 
Q96DU7;ITPKC;9606;P04637;TP53;9606;0.126;23443559 
Q96DV4;MRPL38;9606;P04637;TP53;9606;0.126;23443559 
Q96EI5;TCEAL4;9606;P04637;TP53;9606;0.126;23443559 
Q96EQ8;RNF125;9606;P04637;TP53;9606;0.569;25591766 
Q96JN8;NEURL4;9606;P04637;TP53;9606;0.126;22653443 
Q96P16;RPRD1A;9606;P04637;TP53;9606;0.126;23443559 
Q96J94;PIWIL1;9606;P04637;TP53;9606;0.126;20308539 
Q96GD4;AURKB;9606;P04637;TP53;9606;0.236;29340707 20959462 
Q96GM8;TOE1;9606;P04637;TP53;9606;0.569;19508870 
Q96L91;EP400;9606;P04637;TP53;9606;0.21;9194565 
Q96K58;ZNF668;9606;P04637;TP53;9606;0.376;21852383 
Q96L21;RPL10L;9606;P04637;TP53;9606;0.126;23443559 
Q96N67;DOCK7;9606;P04637;TP53;9606;0.126;23443559 
Q96M02;C10ORF90;9606;P04637;TP53;9606;0.794;26223354 24240685 
Q9H444;CHMP4B;9606;P04637;TP53;9606;0.126;25144556 
Q99816;TSG101;9606;P04637;TP53;9606;0.376;11172000 
Q96RL1;UIMC1;9606;P04637;TP53;9606;0.454;19433585 
Q96QH2;PRAM1;9606;P04637;TP53;9606;0.21;14976551 
Q96T88;UHRF1;9606;P04637;TP53;9606;0.74;26102039 
Q96RR1;PEO1;9606;P04637;TP53;9606;0.126;22653443 
Q96RU2;USP28;9606;P04637;TP53;9606;0.126;22653443 
Q9BTK6;PAGR1;9606;P04637;TP53;9606;0.376;19039327 
Q99536;VAT1;9606;P04637;TP53;9606;0.126;23443559 
Q99466;NOTCH4;9606;P04637;TP53;9606;0.21;21402876 
Q99496;RNF2;9606;P04637;TP53;9606;0.507;22907436 23318437 
Q99684;GFI1;9606;P04637;TP53;9606;0.21;23410974 
Q99547;MPHOSPH6;9606;P04637;TP53;9606;0.286;16169070 
Q99615;DNAJC7;9606;P04637;TP53;9606;0.309;23261415 
Q9BRQ8;AIFM2;9606;P04637;TP53;9606;0.126;23443559 
Q9BQ15;NABP2;9606;P04637;TP53;9606;0.569;23184057 
Q99848;EBNA1BP2;9606;P04637;TP53;9606;0.126;23443559 
Q99873;PRMT1;9606;P04637;TP53;9606;0.309;15186775 
Q9BQ67;GRWD1;9606;P04637;TP53;9606;0.126;23443559 
Q9BRJ7;NUDT16L1;9606;P04637;TP53;9606;0.126;22653443 
Q9BQD7;FAM173A;9606;P04637;TP53;9606;0.286;16169070 
Q9BQA1;WDR77;9606;P04637;TP53;9606;0.126;25144556 
Q9BTZ2;DHRS4;9606;P04637;TP53;9606;0.126;25144556 
Q9BTV7;CABLES2;9606;P04637;TP53;9606;0.21;14637168 
Q9H3M7;TXNIP;9606;P04637;TP53;9606;0.21;23880345 
Q9BVI0;PHF20;9606;P04637;TP53;9606;0.376;22864287 
Q9C0J8;WDR33;9606;P04637;TP53;9606;0.286;16169070 
Q9BZR9;TRIM8;9606;P04637;TP53;9606;0.21;22262183 
Q9BYW2;SETD2;9606;P04637;TP53;9606;0.376;18585004 
Q9BYJ9;YTHDF1;9606;P04637;TP53;9606;0.126;23443559 
Q9BZE4;GTPBP4;9606;P04637;TP53;9606;0.126;20308539 
Q9BZG8;DPH1;9606;P04637;TP53;9606;0.126;20308539 
Q9H0E9;BRD8;9606;P04637;TP53;9606;0.126;20308539 
Q9ESJ1;CABLES1;10090;P04637;TP53;9606;0.21;11706030 
Q9H0Q3;FXYD6;9606;P04637;TP53;9606;0.286;16169070 
Q9H160;ING2;9606;P04637;TP53;9606;0.376;16782091 16024799 
Q9H2S5;RNF39;9606;P04637;TP53;9606;0.376;17719541 
Q9H1Z9;TSPAN10;9606;P04637;TP53;9606;0.126;22653443 
P04637;TP53;9606;O94986;CEP152;9606;0.126;26638075 
Q13625;TP53BP2;9606;O94986;CEP152;9606;0.126;26638075 
P04637;TP53;9606;O95071;UBR5;9606;0.623;21383020 23443559 
P25685;DNAJB1;9606;P04637;TP53;9606;0.21;24361594 
Q13625;TP53BP2;9606;O75886;STAM2;9606;0.081;26344197 
P10599;TXN;9606;P04637;TP53;9606;0.309;19681600 
P04637;TP53;9606;O95251;KAT7;9606;0.569;17954561 
Q86Y26;NUTM1;9606;Q13625;TP53BP2;9606;0.454;25416956 
P10828;THRB;9606;P04637;TP53;9606;0.21;11258898 
Q8IVT5;KSR1;9606;P04637;TP53;9606;0.126;27086506 
P26358;DNMT1;9606;P04637;TP53;9606;0.507;17991895 23038753 
P04637;TP53;9606;O95630;STAMBP;9606;0.309;27561390 
Q96KQ4;PPP1R13B;9606;Q96JN8;NEURL4;9606;0.126;29426014 
Q96KB5;PBK;9606;P04637;TP53;9606;0.569;17482142 
P11274;BCR;9606;P04637;TP53;9606;0.426;16169070 25241761 
Q96KQ4;PPP1R13B;9606;O95835;LATS1;9606;0.376;21041411 
Q96KQ4;PPP1R13B;9606;P04626;ERBB2;9606;0.21;17875712 
Q96KQ4;PPP1R13B;9606;P38398;BRCA1;9606;0.183;25184681 
Q96KQ4;PPP1R13B;9606;Q5NFN4;UVRB;177416;0.126;20711500 
Q96KQ4;PPP1R13B;9606;Q8CKF8;Q8CKF8;632;0.126;20711500 
Q9H3D4;TP63;9606;Q96KQ4;PPP1R13B;9606;0.454;14729977 
Q9UKE5;TNIK;9606;Q96KQ4;PPP1R13B;9606;0.454;17043677 
Q96KQ7;EHMT2;9606;P04637;TP53;9606;0.309;20118233 
Q8IX12;CCAR1;9606;P04637;TP53;9606;0.21;18382127 
P04637;TP53;9606;O95758;PTBP3;9606;0.126;22575643 
P11387;TOP1;9606;P04637;TP53;9606;0.569;10468612 18697815 11805286 
Q8BLG0;PHF20;10090;P04637;TP53;9606;0.309;22864287 
Q96MT8;CEP63;9606;Q96KQ4;PPP1R13B;9606;0.183;17043677 
O95900;TRUB2;9606;O75414;NME6;9606;0.126;27499296 
Q8IZD2;KMT2E;9606;P04637;TP53;9606;0.21;21423215 
Q96PM9;ZNF385A;9606;P04637;TP53;9606;0.21;17719541 
Q96PZ2;FAM111A;9606;P04637;TP53;9606;0.126;28514442 
P04637;TP53;9606;P00374;DHFR;9606;0.309;18451149 
P12004;PCNA;9606;P04637;TP53;9606;0.569;16861890 27407148 
P04637;TP53;9606;P00519;ABL1;9606;0.309;10629029 
Q96S44;TP53RK;9606;P04637;TP53;9606;0.309;12659830 
P12755;SKI;9606;P04637;TP53;9606;0.21;21149449 
Q13625;TP53BP2;9606;P12830;CDH1;9606;0.126;25468996 
Q96KQ4;PPP1R13B;9606;P12830;CDH1;9606;0.126;25468996 
P12931;SRC;9606;P04637;TP53;9606;0.309;25071020 
Q8N137;CNTROB;9606;Q13625;TP53BP2;9606;0.126;26638075 
Q8N4C6;NIN;9606;P04637;TP53;9606;0.126;26638075 
Q8N4C6;NIN;9606;Q13625;TP53BP2;9606;0.126;26638075 
Q99497;PARK7;9606;P04637;TP53;9606;0.507;18042550 22683601 
Q8N5M1;ATPAF2;9606;Q13625;TP53BP2;9606;0.454;25416956 

